Gene names (ordered locus ),matched_growth_rates,log2FC,median_log2FC,mean_p_value,min_p_value,mean_fdr,fdr
MMP1503,2,1.9087557689072057,1.9087557689072057,0.003909651654428656,0.0007994956114571397,0.18801990814548014,0.6497510578815394
MMP1223,2,-1.5661310826886998,-1.5661310826886998,0.004546561111900365,0.004546561111900365,0.20004868892361605,0.6497510578815394
MMP1504,2,1.8285936218218772,1.8285936218218772,0.005353293517021333,0.00012216923186456492,0.16704654547277023,0.6497510578815394
MMP1652,1,2.9609839066210366,2.9609839066210366,0.008497968440382375,0.008497968440382375,0.27420111500967126,0.6497510578815394
MMP0039,1,-1.3521411187933752,-1.3521411187933752,0.009443127474147552,0.009443127474147552,0.27496318272309106,0.6497510578815394
MMP0975,2,2.1106720034881215,2.1106720034881215,0.009947493542052136,0.0034950558288838244,0.2516476445497545,0.6497510578815394
MMP0602,1,-1.854490651653002,-1.854490651653002,0.010984074294992733,0.010984074294992733,0.27496318272309106,0.6497510578815394
MMP1155,2,-1.9544342256442508,-1.9544342256442508,0.011089920003457144,0.007406502252198228,0.2762583972787812,0.6497510578815394
MMP0311,2,1.6871500338511716,1.6871500338511716,0.011117692122394211,0.011117692122394211,0.27496318272309106,0.6497510578815394
MMP1301,2,1.1274873001211696,1.1274873001211696,0.01317040251576107,5.154789888479554e-05,0.19413213040723276,0.6497510578815394
MMP0123,2,-2.311352929811529,-2.311352929811529,0.013260225671051824,0.0023860805420571596,0.25473106321360506,0.6497510578815394
MMP0683,2,0.04067520338196828,0.04067520338196828,0.01696453189992722,0.01696453189992722,0.32822614781107856,0.6956138038527995
MMP0422,2,-0.8608430929732807,-0.8608430929732807,0.018931458250740846,0.018931458250740846,0.32822614781107856,0.6956138038527995
MMP0927,2,-1.3364552198946367,-1.3364552198946367,0.020115266459419603,0.020115266459419603,0.32822614781107856,0.6956138038527995
MMP0076,2,1.2553920700242105,1.2553920700242105,0.020543922488487333,0.02017933488620814,0.32822614781107856,0.6956138038527995
MMP1154,2,-2.3247447249376427,-2.3247447249376427,0.020649018296186997,0.012388529752255774,0.3135424919939775,0.6956138038527995
MMP0295,2,-1.6747818547796243,-1.6747818547796243,0.022898241353635915,0.022898241353635915,0.32822614781107856,0.7165132954846829
MMP1371,2,1.4612062175762683,1.4612062175762683,0.02569055145924874,0.005001929719554483,0.28780785692340133,0.7165132954846829
MMP1300,1,-2.300393470900897,-2.300393470900897,0.029283516556140466,0.029283516556140466,0.3447062970954905,0.7165132954846829
MMP0058,2,0.8688671887980257,0.8688671887980257,0.030913158017874802,0.006683315364614046,0.31884951355336527,0.7165132954846829
MMP1015,2,1.7221163012125174,1.7221163012125174,0.03266744930045686,0.0222928076848732,0.34666293151309846,0.7165132954846829
MMP1017,2,-0.48995161255159747,-0.48995161255159747,0.033868195691924986,0.0028271900341286754,0.2910414448788788,0.7165132954846829
MMP0883,1,1.5001463831836264,1.5001463831836264,0.036761952229423425,0.036761952229423425,0.3523323738423948,0.7165132954846829
MMP0625,2,0.41841458926397623,0.41841458926397623,0.0370194596085597,0.026310416413362354,0.353987710203139,0.7165132954846829
MMP1207,2,1.2099151359790181,1.2099151359790181,0.04027753915707081,0.002117298649933119,0.31045068778050666,0.7165132954846829
MMP1560,2,1.0178460674213987,1.0178460674213987,0.04083346167460369,0.03489795156545255,0.35490300615530446,0.7165132954846829
MMP1208,2,0.001457186722583631,0.001457186722583631,0.041831467657877396,0.021739072565396703,0.36392073771336136,0.7165132954846829
MMP1567,2,0.9452051596860218,0.9452051596860218,0.04335084081783583,0.01919201374109254,0.3696142013330631,0.7165132954846829
MMP0126,2,-2.285319675053754,-2.285319675053754,0.04364241299427325,0.028904124888356687,0.3672239025649306,0.7165132954846829
MMP1085,1,-2.443087485355779,-2.443087485355779,0.04500495267519767,0.04500495267519767,0.36509971521511836,0.7165132954846829
MMP1621,1,1.4364097765981023,1.4364097765981023,0.04984123087814292,0.04984123087814292,0.370712722684496,0.7165132954846829
MMP1566,2,1.3027980509210622,1.3027980509210622,0.05116792533959551,0.03941266087227844,0.38262060390222097,0.7165132954846829
MMP0308,2,-0.0010135614695719886,-0.0010135614695719886,0.05164948176548845,0.005696890904643808,0.3473278730013195,0.7165132954846829
MMP1359,2,-1.0734410912888395,-1.0734410912888395,0.05201303917469273,0.05201303917469273,0.37573598448584,0.7165132954846829
MMP0023,1,-2.6870407277428408,-2.6870407277428408,0.05668612947126855,0.05668612947126855,0.3897415080343707,0.7165132954846829
MMP0542,2,-1.3087309283066517,-1.3087309283066517,0.060332900318820354,0.03326922801054378,0.404793721638748,0.7165132954846829
MMP0331,2,1.4185640094123984,1.4185640094123984,0.06075491697077543,0.06075491697077543,0.3970200967974361,0.7165132954846829
MMP1045,2,0.7465361006246326,0.7465361006246326,0.06292712869206517,0.024177934623383034,0.3977294068527736,0.7165132954846829
MMP1667,1,-2.0969546941528527,-2.0969546941528527,0.06410837330884768,0.06410837330884768,0.4027699160675014,0.7165132954846829
MMP1474,2,-0.06232466785415747,-0.06232466785415747,0.06482964153918791,0.009474585876858111,0.37441836232484627,0.7165132954846829
MMP1545,2,1.0701838228197238,1.0701838228197238,0.06566348111721994,0.023057208730530313,0.39655364699654205,0.7165132954846829
MMP0447,2,0.7492290698954377,0.7492290698954377,0.06795993149349489,0.03306869732290135,0.404793721638748,0.7165132954846829
MMP0388,2,0.3847782147563047,0.3847782147563047,0.07035868462852891,0.03658499621736373,0.40860676001220014,0.7165132954846829
MMP0829,2,0.8585899962074126,0.8585899962074126,0.07056500901288068,0.07056500901288068,0.4216477081757315,0.7165132954846829
MMP1347,2,0.9574550803718388,0.9574550803718388,0.07309303953804414,0.019483367104511966,0.4062487184144006,0.7165132954846829
MMP1671,2,0.8001310163604166,0.8001310163604166,0.07404024285852917,0.041439363198303825,0.4149904306985619,0.7165132954846829
MMP0357,1,3.4821995027567274,3.4821995027567274,0.07497019481665423,0.07497019481665423,0.4345577759432413,0.7165132954846829
MMP1299,2,1.1101698219927214,1.1101698219927214,0.07499772778937541,0.029990020224316682,0.409289919511046,0.7165132954846829
MMP0176,2,0.782807648131844,0.782807648131844,0.07537823608299932,0.043357899725392335,0.4149904306985619,0.7165132954846829
MMP1433,2,0.9651972571617378,0.9651972571617378,0.07782871907498426,0.04324845985447561,0.41743303575884827,0.7165132954846829
MMP1675,1,-1.5101440854869093,-1.5101440854869093,0.07807214948598677,0.07807214948598677,0.4420169166573448,0.7165132954846829
MMP1505,2,0.9462315686691127,0.9462315686691127,0.08386663027722258,0.05881531084262017,0.42741735698023675,0.7165132954846829
MMP0540,2,-1.1762445172899787,-1.1762445172899787,0.08525354592597492,0.022029109921392547,0.41830380218318053,0.7165132954846829
MMP0687,2,-1.0187054807094194,-1.0187054807094194,0.08697450759309432,0.03388535838431008,0.4217259947784241,0.7165132954846829
MMP0603,2,1.2300632374943665,1.2300632374943665,0.08868576451352445,0.06458301721618673,0.4362681361850398,0.7165132954846829
MMP1358,2,-2.07077232803018,-2.07077232803018,0.09187083038891045,0.08635540447655102,0.4648811461820055,0.7165132954846829
MMP0567,2,1.562509089045356,1.562509089045356,0.09503578558349907,0.05069217666254869,0.4352441606600241,0.7165132954846829
MMP1720,2,-1.843772754906559,-1.843772754906559,0.09548157571810637,0.0401683932288676,0.43755590016921175,0.7165132954846829
MMP0020,2,-0.3793348962723805,-0.3793348962723805,0.10134877354985071,0.10134877354985071,0.4648811461820055,0.7165132954846829
MMP0657,2,0.8532412868634199,0.8532412868634199,0.10181105066634999,0.013872187373338167,0.4208532732299539,0.7165132954846829
MMP0153,2,-1.8340360269975367,-1.8340360269975367,0.10367616904174129,0.03275920718955435,0.4347850595808547,0.7165132954846829
MMP1422,1,-0.9126358192911043,-0.9126358192911043,0.10407788396160936,0.10407788396160936,0.4648811461820055,0.7165132954846829
MMP0297,2,0.7479967958530886,0.7479967958530886,0.10482697949620115,0.00275397950526726,0.37286750172527106,0.7165132954846829
MMP1375,2,-0.3849045748287562,-0.3849045748287562,0.10573691506957276,0.10573691506957276,0.4648811461820055,0.7165132954846829
MMP0040,2,-2.425243063008699,-2.425243063008699,0.10616638984061312,0.10616638984061312,0.4648811461820055,0.7165132954846829
MMP1515,2,0.6378355197357863,0.6378355197357863,0.10669564452188958,0.08517427106180062,0.474576217599864,0.7165132954846829
MMP1712,2,-0.7785840172350336,-0.7785840172350336,0.1082795778417532,0.06109324457308498,0.4553206319394824,0.7165132954846829
MMP1524,2,-1.437828039251607,-1.437828039251607,0.10929817774366726,0.024246915696458125,0.43957467947609175,0.7165132954846829
MMP0258,2,0.9010096764366959,0.9010096764366959,0.11117968562774497,0.07250706735648703,0.46978307674855146,0.7165132954846829
MMP1248,2,0.6382528298857071,0.6382528298857071,0.11512966078565265,0.09624142747185291,0.4809641774746616,0.7165132954846829
MMP0836,2,-1.0168498239161687,-1.0168498239161687,0.11545778186596703,0.10380496570137121,0.474576217599864,0.7165132954846829
MMP0284,2,0.767293226667644,0.767293226667644,0.1155303788214222,0.1155303788214222,0.4698882634417508,0.7165132954846829
MMP1188,2,0.5159065109762007,0.5159065109762007,0.11683004652154287,0.02118238656831104,0.44904985552025234,0.7165132954846829
MMP0816,2,0.3662517834463461,0.3662517834463461,0.11788065303091852,0.04675101887189282,0.45320364163102955,0.7165132954846829
MMP1634,2,-2.142777982921786,-2.142777982921786,0.12201770693041825,0.03142795081762454,0.4572899301624583,0.7165132954846829
MMP0261,2,-1.61131683730112,-1.61131683730112,0.12290798848543137,0.09219915237799517,0.4881741261189345,0.7165132954846829
MMP0684,2,1.7017812688192648,1.7017812688192648,0.12381443819286295,0.09226171653177097,0.4892511566317671,0.7165132954846829
MMP0091,2,-1.566357523458691,-1.566357523458691,0.12534944616447388,0.0007373340325951938,0.36598812628600474,0.7165132954846829
MMP1565,2,0.987575743883423,0.987575743883423,0.12687522191595682,0.10958024281936786,0.48604529658044904,0.7165132954846829
MMP1563,2,-0.18792945334836253,-0.18792945334836253,0.12773504121109272,0.015402340106400117,0.45477287600630456,0.7165132954846829
MMP1381,2,-1.3906105248278786,-1.3906105248278786,0.12802330355859065,0.125445704551957,0.4854227066431822,0.7165132954846829
MMP0281,2,-1.4325533181361572,-1.4325533181361572,0.13091036842778034,0.12091607939656052,0.48630961719397964,0.7165132954846829
MMP0250,2,0.5673028039978956,0.5673028039978956,0.134407429853945,0.042753092204549696,0.47609698359213715,0.7165132954846829
MMP1298,2,0.8207403222033582,0.8207403222033582,0.13567641862754445,0.0003300376600494251,0.3460969433478691,0.7165132954846829
MMP1640,2,0.09876908819082844,0.09876908819082844,0.13696543117582186,0.02939243932898022,0.4738877510143822,0.7165132954846829
MMP0866,2,1.1444436960567312,1.1444436960567312,0.1372598442474667,0.10379601165747189,0.49303905903752543,0.7165132954846829
MMP1032,2,-0.6274964575160811,-0.6274964575160811,0.13764851293881508,0.103538932867422,0.49303905903752543,0.7165132954846829
MMP1319,2,0.32705322694342487,0.32705322694342487,0.13788607943989722,0.003821132382098228,0.39863379012866584,0.7165132954846829
MMP1038,2,0.7464709827320966,0.7464709827320966,0.13899838314879,0.08033394304569369,0.49933745885112407,0.7165132954846829
MMP0274,2,-0.055606162483538446,-0.055606162483538446,0.14087207442939034,0.0565476166318365,0.4884178800017633,0.7165132954846829
MMP1136,2,0.631784326618662,0.631784326618662,0.14119491986516977,0.09935401044776071,0.5025519097071196,0.7165132954846829
MMP1562,2,1.1943886453759478,1.1943886453759478,0.14139426956432574,0.06942899178827207,0.49365499295336945,0.7165132954846829
MMP1302,2,1.0686065313011235,1.0686065313011235,0.14500446682703688,0.044634658630890084,0.48408446007419614,0.7165132954846829
MMP1366,2,0.6596791541555928,0.6596791541555928,0.14603991534088498,0.10766857762684412,0.5025519097071196,0.7165132954846829
MMP1421,2,0.7549505583647014,0.7549505583647014,0.1466473312975467,0.04535888591292838,0.48408446007419614,0.7165132954846829
MMP0051,2,0.18947284205593218,0.18947284205593218,0.1476918906424044,0.13594229885028578,0.5062964287804113,0.7165132954846829
MMP1288,1,0.6307376941683999,0.6307376941683999,0.14862804979870345,0.14862804979870345,0.5083814565552824,0.7165132954846829
MMP1222,2,0.8006444306654833,0.8006444306654833,0.15132146891702808,0.01919511839074248,0.4761507070806368,0.7165132954846829
MMP1549,2,-0.5077026503101372,-0.5077026503101372,0.15174985649951228,0.15174985649951228,0.5100481287900274,0.7165132954846829
MMP0952,2,1.408923260536307,1.408923260536307,0.1528122717884673,0.0017435300129154557,0.4106463005534087,0.7165132954846829
MMP0980,2,0.9143744924942256,0.9143744924942256,0.1536083631448795,0.022063792571990357,0.47636198775033567,0.7165132954846829
MMP0157,2,-0.09230716170781827,-0.09230716170781827,0.15420556810203687,0.1497133169063629,0.5113747955755952,0.7165132954846829
MMP1670,2,0.14632436172591734,0.14632436172591734,0.15669042610467857,0.06861435974639522,0.5090930406994825,0.7165132954846829
MMP0290,2,0.7354255078122841,0.7354255078122841,0.15670715761529397,0.04900586191203894,0.4914605718290066,0.7165132954846829
MMP1161,1,-2.390773044741757,-2.390773044741757,0.15697166310551872,0.15697166310551872,0.5137775554521208,0.7165132954846829
MMP1115,2,0.0001325753363955462,0.0001325753363955462,0.1572302479260625,0.12172193624935483,0.5111185085679952,0.7165132954846829
MMP0325,2,-0.6920476451001203,-0.6920476451001203,0.15884043634164538,0.06739335131783693,0.5075937966067748,0.7165132954846829
MMP1403,2,1.2310699611503861,1.2310699611503861,0.1596396563824614,0.1585092373365413,0.514546779405983,0.7165132954846829
MMP1021,2,1.7918852526254474,1.7918852526254474,0.16019818870127805,0.07323239596946332,0.5176594783765165,0.7165132954846829
MMP1439,2,-1.761123568270204,-1.761123568270204,0.1619252410533764,0.04069828789450195,0.4945874907826566,0.7165132954846829
MMP1513,2,-2.8172025966222805,-2.8172025966222805,0.16231929971042194,0.16231929971042194,0.5185646274577177,0.7165132954846829
MMP1189,2,2.0789477891583594,2.0789477891583594,0.16261420629080026,0.1394829980602461,0.5200266302541493,0.7165132954846829
MMP0045,2,-0.9966727304990339,-0.9966727304990339,0.16288782132897894,0.07650094352672034,0.5211841287468998,0.7165132954846829
MMP1274,2,1.4616058608677682,1.4616058608677682,0.16345101468727297,0.08986249411467602,0.5318690287148511,0.7165132954846829
MMP1151,2,0.5833541727703113,0.5833541727703113,0.16434718391210748,0.16434718391210748,0.5198956667546406,0.7165132954846829
MMP1167,2,-0.9982333059831601,-0.9982333059831601,0.16740768303812928,0.16740768303812928,0.5203645402292327,0.7165132954846829
MMP1002,1,0.4113379693619895,0.4113379693619895,0.16777377146010242,0.16777377146010242,0.5203645402292327,0.7165132954846829
MMP0063,1,-1.911163634194804,-1.911163634194804,0.16824417749420167,0.16824417749420167,0.5203645402292327,0.7165132954846829
MMP1462,2,-1.0828664434693693,-1.0828664434693693,0.16993165715756645,0.09276097777582751,0.5339751755576396,0.7165132954846829
MMP0641,2,0.6096538798837958,0.6096538798837958,0.17143166234145962,0.12857202611317634,0.5270724261235743,0.7165132954846829
MMP0577,2,0.7551320381255523,0.7551320381255523,0.17173937852726068,0.17173937852726068,0.5211969718930454,0.7165132954846829
MMP0823,2,0.7140131572361867,0.7140131572361867,0.17198016083603973,0.1049412161982497,0.5318690287148511,0.7165132954846829
MMP1711,2,-0.5984998805540293,-0.5984998805540293,0.17210197308265013,0.10829582463905746,0.5318690287148511,0.7165132954846829
MMP1113,2,0.49346906266212254,0.49346906266212254,0.17500038564497006,0.0338574325758697,0.4981086344205674,0.7165132954846829
MMP1564,2,0.6130126975511846,0.6130126975511846,0.17858488975168524,0.11022968170422881,0.5339751755576396,0.7165132954846829
MMP0245,2,-1.0520045404540603,-1.0520045404540603,0.17910650971039704,0.002374825625395768,0.4298091974300413,0.7165132954846829
MMP1134,2,1.1083181275299017,1.1083181275299017,0.1813173603288499,0.03459701698326662,0.5023185723434798,0.7165132954846829
MMP0340,2,-1.0227111632585726,-1.0227111632585726,0.181885668480307,0.02304923674535656,0.5006630667712221,0.7165132954846829
MMP1434,2,0.629540196356944,0.629540196356944,0.1849021888036706,0.001587174849063642,0.431509650056453,0.7165132954846829
MMP1321,2,0.749689131945681,0.749689131945681,0.18660174001523744,0.010463939278055211,0.4791373126598356,0.7165132954846829
MMP0923,2,-1.0399105710320893,-1.0399105710320893,0.1901904728755917,0.12400801357171584,0.5444287725880863,0.7165132954846829
MMP1509,2,0.6012213842021341,0.6012213842021341,0.1921069509715782,0.06591167224886035,0.5289481570094363,0.7165132954846829
MMP1419,2,0.7287379893724231,0.7287379893724231,0.19634134748056803,0.0035195728306971767,0.4329670906105884,0.7165132954846829
MMP0382,2,1.2543278773037523,1.2543278773037523,0.19881929322353722,0.19881929322353722,0.5517596483445959,0.7165132954846829
MMP1328,1,-2.0668773650637187,-2.0668773650637187,0.20177316698890194,0.20177316698890194,0.5580469304150202,0.7165132954846829
MMP0066,2,-0.26556963896158886,-0.26556963896158886,0.20213911093460765,0.05177373637751164,0.5281573472026424,0.7165132954846829
MMP0627,2,0.6723351027482032,0.6723351027482032,0.20404173821138788,0.14117388402315292,0.5555352327125676,0.7165132954846829
MMP0654,2,-0.5451583365517503,-0.5451583365517503,0.20421339296816743,0.04819138456313186,0.5267718334296855,0.7165132954846829
MMP1609,2,0.5279048628156492,0.5279048628156492,0.20561048123018202,0.1178967863549069,0.5543547120379668,0.7165132954846829
MMP0034,2,-1.0131133040254467,-1.0131133040254467,0.20831223408539443,0.20831223408539443,0.566422029760286,0.7165132954846829
MMP0082,2,-1.134550219434087,-1.134550219434087,0.21204870998032763,0.061111564486382206,0.5401657696970081,0.7165132954846829
MMP1369,2,0.38141360194448054,0.38141360194448054,0.2134702991335674,0.1382386056211807,0.563376811265829,0.7165132954846829
MMP0961,2,-1.1715030025743556,-1.1715030025743556,0.21443136843915156,0.04077003916062905,0.5258604613730196,0.7165132954846829
MMP1018,2,-0.030164762532083722,-0.030164762532083722,0.21711090328805482,0.157406197172519,0.5663085351194505,0.7165132954846829
MMP1270,1,-0.9979626258794783,-0.9979626258794783,0.21736798233733665,0.21736798233733665,0.5764717997329915,0.7165132954846829
MMP0716,2,0.7221684133063933,0.7221684133063933,0.22005617814670256,0.22005617814670256,0.5804206551662345,0.7165132954846829
MMP0618,2,-0.5223876029662327,-0.5223876029662327,0.2201707119031524,0.050168767222798526,0.5286669651077084,0.7165132954846829
MMP1427,2,0.07300917630221593,0.07300917630221593,0.2203653232238895,0.11935727887669802,0.5643993181304654,0.7165132954846829
MMP1365,2,0.6813413399976037,0.6813413399976037,0.22267552267531954,0.06247667753625667,0.5433813500601221,0.7165132954846829
MMP1122,2,0.8133113331418494,0.8133113331418494,0.2232195877559139,0.17582110524729289,0.5696218754592564,0.7165132954846829
MMP1420,2,0.48315275295534976,0.48315275295534976,0.22436231520760633,0.007437208843229476,0.4819026617117883,0.7165132954846829
MMP1310,2,1.141743171956848,1.141743171956848,0.2258494779042658,0.0450682359768588,0.5310619346699058,0.7165132954846829
MMP1550,2,-0.6839732555320344,-0.6839732555320344,0.22638450868005014,0.11317020270485852,0.5710096122885836,0.7165132954846829
MMP1033,2,-1.288556799848636,-1.288556799848636,0.2264633165936819,0.14790258692211786,0.5758282846880531,0.7165132954846829
MMP0358,1,-1.1929439178399508,-1.1929439178399508,0.2265631633948454,0.2265631633948454,0.5870942519691559,0.7165132954846829
MMP0633,2,1.146666600712286,1.146666600712286,0.22777166690169948,0.0920047047360035,0.5740962943892929,0.7165132954846829
MMP0830,2,-0.13625845524499647,-0.13625845524499647,0.22785584918453403,0.04866208679304569,0.5338154924172438,0.7165132954846829
MMP0259,2,0.9074908042965115,0.9074908042965115,0.22928541863745341,0.05717435022910948,0.5433828310795319,0.7165132954846829
MMP0736,2,0.5088200956915612,0.5088200956915612,0.22964184012688837,0.01788953589035856,0.5218912845786011,0.7165132954846829
MMP0073,2,0.1063995386883109,0.1063995386883109,0.2300073220027824,0.10512253298905445,0.5727299280507252,0.7165132954846829
MMP1261,2,-1.2468578769117538,-1.2468578769117538,0.23030757893023338,0.23030757893023338,0.5882262174260314,0.7165132954846829
MMP0989,2,0.7860504861071598,0.7860504861071598,0.23106245248781573,0.05339248005034624,0.5385264913591671,0.7165132954846829
MMP1026,2,-0.17882337739885748,-0.17882337739885748,0.23504752078271596,0.012543681339231377,0.5023706515805781,0.7165132954846829
MMP1616,2,-0.8127455411431095,-0.8127455411431095,0.236444888578218,0.11045729713002198,0.5740962943892929,0.7165132954846829
MMP0825,2,-0.06561077873666904,-0.06561077873666904,0.2364801614103768,0.15978098832121784,0.5815034495685232,0.7165132954846829
MMP1392,2,-0.8056758932412817,-0.8056758932412817,0.2366785272983195,0.10600057330651022,0.5745079936956214,0.7165132954846829
MMP1691,2,0.7740022226984309,0.7740022226984309,0.2389355483473382,0.009188854584082837,0.5022409702156767,0.7165132954846829
MMP1138,1,0.9187529003693091,0.9187529003693091,0.23941903373229198,0.23941903373229198,0.5988569112476968,0.7165132954846829
MMP1289,2,0.3723371027726077,0.3723371027726077,0.24035555711339937,0.03486244835315388,0.5314059842929102,0.7165132954846829
MMP1031,2,0.4097648668408025,0.4097648668408025,0.2410742644607035,0.17925151666227573,0.5881509451463174,0.7165132954846829
MMP0127,2,0.006898437909851507,0.006898437909851507,0.24488729478790644,0.22864122853978286,0.5993640196184848,0.7165132954846829
MMP1146,2,1.4953384179650995,1.4953384179650995,0.24597583255073346,0.1580552532170559,0.589449543711404,0.7165132954846829
MMP0971,2,-0.26583667131203326,-0.26583667131203326,0.2468993984718641,0.15788982727478348,0.5900443951846039,0.7165132954846829
MMP1470,2,-0.6466003366923571,-0.6466003366923571,0.24826092585622517,0.057872366886113746,0.5526489646902473,0.7165132954846829
MMP1401,2,0.0016492974270874705,0.0016492974270874705,0.2503503537880055,0.04582213642059855,0.543731165741905,0.7165132954846829
MMP0345,2,-0.5333213293175783,-0.5333213293175783,0.2518110624015991,0.0033598225978339617,0.46512790344230626,0.7165132954846829
MMP0001,2,0.20879829994797633,0.20879829994797633,0.2520669698987233,0.2520669698987233,0.6049311205687805,0.7165132954846829
MMP1410,2,0.9324506969863638,0.9324506969863638,0.25264104324988523,0.042174863429986185,0.545830077973484,0.7165132954846829
MMP1411,2,0.656987389419983,0.656987389419983,0.2527000081696961,0.012492683949937416,0.5139682562893302,0.7165132954846829
MMP1247,2,0.6579447970956658,0.6579447970956658,0.2548147780042363,0.254614778993018,0.6065630546015867,0.7165132954846829
MMP0116,2,-1.0774266970619832,-1.0774266970619832,0.2587037858883046,0.14461756959315533,0.5964494142556309,0.7165132954846829
MMP1152,2,-0.7045005759014238,-0.7045005759014238,0.2638956435854612,0.12054713917299296,0.5854488480256473,0.7165132954846829
MMP1149,2,1.0286357038240337,1.0286357038240337,0.2650501470884715,0.21151712815119142,0.6106922674875352,0.7165132954846829
MMP0713,2,1.2083236576326781,1.2083236576326781,0.2651111021825446,0.2031212642588921,0.6095554539800533,0.7165132954846829
MMP1537,2,-0.5868047851525098,-0.5868047851525098,0.2651924009005015,0.028645944503685163,0.5478245651449234,0.7165132954846829
MMP1681,2,1.1202574870016913,1.1202574870016913,0.26599527354186014,0.010581288039351253,0.5179995526271551,0.7165132954846829
MMP1323,2,-0.5697381700575906,-0.5697381700575906,0.26636836205206194,0.055520782287231736,0.5619309700494175,0.7165132954846829
MMP0593,2,-0.8126515996613861,-0.8126515996613861,0.2671118978185627,0.0002516009306302417,0.4245216732914918,0.7165132954846829
MMP1412,2,0.3904948852303795,0.3904948852303795,0.2684465243870579,0.09912257989766667,0.5902187837640647,0.7165132954846829
MMP1174,2,-0.790732238605778,-0.790732238605778,0.2698178880642357,0.1537571568824962,0.5990441567933922,0.7165132954846829
MMP1245,2,0.4556783835432465,0.4556783835432465,0.2702908561747255,0.18869052754046217,0.6109431389831927,0.7165132954846829
MMP0025,2,0.6960850393952278,0.6960850393952278,0.2705979628515003,0.21330436949875387,0.6149022054104476,0.7165132954846829
MMP1255,2,-1.3141373530121343,-1.3141373530121343,0.27252368343696537,0.27252368343696537,0.6123247729637774,0.7165132954846829
MMP1158,2,0.8621250244125906,0.8621250244125906,0.2746652977512537,0.03550523382023729,0.5532627844253108,0.7165132954846829
MMP0344,2,0.631926202701834,0.631926202701834,0.2756936047984886,0.1844727853038911,0.6121787572207356,0.7165132954846829
MMP0227,2,0.14550126821872064,0.14550126821872064,0.2781923746357701,0.13654682952912178,0.6027668517182102,0.7165132954846829
MMP0285,2,-0.1612967022334474,-0.1612967022334474,0.27886251424458985,0.10205010587729427,0.5936218812253486,0.7165132954846829
MMP0457,2,1.0216600898834414,1.0216600898834414,0.27985611257702875,0.052811788934148104,0.5673682501737651,0.7165132954846829
MMP1120,1,-1.0566320964010116,-1.0566320964010116,0.28001129861381907,0.28001129861381907,0.6223019042273921,0.7165132954846829
MMP1615,2,-0.49909384487123903,-0.49909384487123903,0.28053170677482064,0.17424795605486834,0.6057425147985698,0.7165132954846829
MMP0181,2,-0.6203220124021305,-0.6203220124021305,0.280849447143869,0.27210394053590325,0.6204313497462116,0.7165132954846829
MMP1041,2,0.07940562371452203,0.07940562371452203,0.2839167266083629,0.07490265937461285,0.5900578008147186,0.7165132954846829
MMP1168,2,0.6151711244775555,0.6151711244775555,0.2853172222326178,0.146187114161644,0.609275076851465,0.7165132954846829
MMP1190,2,-0.1268072492641723,-0.1268072492641723,0.2871992485139978,0.04071434872754853,0.5671369740330705,0.7165132954846829
MMP1704,2,-1.166880918590862,-1.166880918590862,0.28773587708213155,0.28773587708213155,0.6273160563412237,0.7165132954846829
MMP1314,2,-1.234993955263998,-1.234993955263998,0.28825093784928396,0.17059638553236176,0.6091105630088693,0.7165132954846829
MMP0234,2,0.093272771345498,0.093272771345498,0.28833238787284005,0.0944963781253021,0.6005312741134996,0.7165132954846829
MMP0539,2,-0.040006449716774306,-0.040006449716774306,0.2901318396908433,0.03204771643812519,0.5619809401258418,0.7165132954846829
MMP0187,2,0.10029205033354727,0.10029205033354727,0.29331093798310753,0.18759449519399848,0.6180085543359755,0.7165132954846829
MMP1432,2,-0.8277902968782042,-0.8277902968782042,0.29345116267725535,0.09114062662759209,0.6056111208107984,0.7165132954846829
MMP0818,2,-2.5274957600839665,-2.5274957600839665,0.29396088586132185,0.29396088586132185,0.6351654855217846,0.7165132954846829
MMP1218,2,-0.5391181847722353,-0.5391181847722353,0.29421872127605925,0.07623961018700356,0.5981491826023821,0.7165132954846829
MMP0087,2,-0.33128622960882276,-0.33128622960882276,0.2952337088853877,0.13152835888105902,0.6060264069744711,0.7165132954846829
MMP1043,2,0.6610950921341974,0.6610950921341974,0.29644203926462337,0.025272939256439555,0.5645627478831976,0.7165132954846829
MMP1217,1,1.3713177826602405,1.3713177826602405,0.2974785193561025,0.2974785193561025,0.6384904805691956,0.7165132954846829
MMP0667,2,0.7484892641435624,0.7484892641435624,0.29873366403999446,0.014768584097677619,0.557302392173987,0.7165132954846829
MMP1436,2,0.33534739573199923,0.33534739573199923,0.30188303039308134,0.14725734551978295,0.615372036411987,0.7165132954846829
MMP1364,2,0.8789381913488512,0.8789381913488512,0.3020769988731819,0.21380138500005813,0.6282473853801733,0.7165132954846829
MMP0132,2,-0.41413645599710747,-0.41413645599710747,0.3035379765970756,0.12798601891773934,0.6098363309187335,0.7165132954846829
MMP0966,2,0.828465338840254,0.828465338840254,0.3048743768482428,0.13845637849495074,0.6151006270642584,0.7165132954846829
MMP0708,2,0.16631749815875402,0.16631749815875402,0.3072371069657633,0.16382380046668585,0.6204681641491929,0.7165132954846829
MMP1363,2,0.024530015497440605,0.024530015497440605,0.30899681878856855,0.26293966184436884,0.6462095384517285,0.7165132954846829
MMP0203,1,1.2773892713329937,1.2773892713329937,0.3090763284940025,0.3090763284940025,0.6461898185360571,0.7165132954846829
MMP0251,2,-0.47299904184707076,-0.47299904184707076,0.30935990540365926,0.22788480528093696,0.6368577297500383,0.7165132954846829
MMP0156,2,0.7013899164752095,0.7013899164752095,0.3099787053995988,0.013940878355689117,0.5581398207502908,0.7165132954846829
MMP1003,2,-0.3833129741773021,-0.3833129741773021,0.3105702135199042,0.3105702135199042,0.6479137213087657,0.7165132954846829
MMP1637,2,0.556375375670408,0.556375375670408,0.3113409010874564,0.03402548311864423,0.5790639936794291,0.7165132954846829
MMP1707,2,-0.25196090163166474,-0.25196090163166474,0.31401891280862315,0.10600492007930254,0.6129585343566124,0.7165132954846829
MMP1507,2,0.4058467430194864,0.4058467430194864,0.3158412005934529,0.1871262349381955,0.62926242479743,0.7165132954846829
MMP0981,2,0.6856844705673644,0.6856844705673644,0.31747467885612296,0.03113904306171816,0.5802575435713322,0.7165132954846829
MMP1039,2,0.26028574600384025,0.26028574600384025,0.3208996472136434,0.20754878232117674,0.6409892255532048,0.7165132954846829
MMP0346,2,-0.035177365997630106,-0.035177365997630106,0.3212574229671813,0.1512122607751948,0.6277849554047505,0.7165132954846829
MMP1658,2,0.432362904552759,0.432362904552759,0.3214190545461311,0.15274378855909468,0.6285124658710297,0.7165132954846829
MMP1679,2,-1.1734462891658917,-1.1734462891658917,0.32429618632506396,0.28431528146739254,0.6537238969976632,0.7165132954846829
MMP0386,2,0.6504758066863571,0.6504758066863571,0.32608840213509827,0.19479913276049807,0.6354671538486667,0.7165132954846829
MMP0291,2,-0.1388791151677073,-0.1388791151677073,0.32772990432845,0.24202840038621506,0.6495795093797122,0.7165132954846829
MMP1510,2,0.9608422879605298,0.9608422879605298,0.3283092672751487,0.2622190306984946,0.6510056094825011,0.7165132954846829
MMP1063,2,-0.4753617604661344,-0.4753617604661344,0.32925333511644783,0.0042869900867166305,0.5194610192349369,0.7165132954846829
MMP1488,1,0.1959991716391506,0.1959991716391506,0.329281592792424,0.329281592792424,0.659930847591469,0.7165132954846829
MMP1424,2,-0.5196614117658082,-0.5196614117658082,0.3293469552249874,0.1294225727354461,0.6257035367176228,0.7165132954846829
MMP0253,2,-0.7773898141920771,-0.7773898141920771,0.3295601704004748,0.26996914502478403,0.6494729902473491,0.7165132954846829
MMP1325,2,0.9122310418763586,0.9122310418763586,0.33082963267612525,0.0009241078507175124,0.4856601995653811,0.7165132954846829
MMP1177,2,1.0346818663954473,1.0346818663954473,0.33255486003043183,0.08163367292046957,0.6309438613254024,0.7165132954846829
MMP1315,2,-1.0051898191473638,-1.0051898191473638,0.33393498402660543,0.33393498402660543,0.6651215319706872,0.7165132954846829
MMP1050,2,-0.5028141645789914,-0.5028141645789914,0.33397629877667817,0.044514726078945036,0.5947683409321699,0.7165132954846829
MMP0041,2,0.11785712213369468,0.11785712213369468,0.3370129893502017,0.30251102261540086,0.6640487618677591,0.7165132954846829
MMP0260,2,0.4189543243933147,0.4189543243933147,0.3374423911326283,0.019308743896189456,0.5849337669700333,0.7165132954846829
MMP0765,2,-0.631250707198595,-0.631250707198595,0.3396629337651564,0.0315415895518874,0.5923350328617547,0.7165132954846829
MMP0568,2,-0.19038592731880663,-0.19038592731880663,0.3409471233420648,0.2519569045716854,0.6593946744909476,0.7165132954846829
MMP1266,2,1.046687725658669,1.046687725658669,0.3475096302381181,0.3475096302381181,0.6805787099194448,0.7165132954846829
MMP0983,2,0.46108813833259177,0.46108813833259177,0.34928170447584955,0.31822318604774347,0.6690660896382825,0.7165132954846829
MMP0219,2,0.6429436590038922,0.6429436590038922,0.34953963435228674,0.3179991220624699,0.6690660896382825,0.7165132954846829
MMP0302,1,-0.5957848661299956,-0.5957848661299956,0.3511302921078556,0.3511302921078556,0.6805787099194448,0.7165132954846829
MMP1445,1,1.1189027620776761,1.1189027620776761,0.3526716818712644,0.3526716818712644,0.6805787099194448,0.7165132954846829
MMP1030,1,-0.4642109603924984,-0.4642109603924984,0.3529007652685342,0.3529007652685342,0.6805787099194448,0.7165132954846829
MMP1558,2,0.4509776383376366,0.4509776383376366,0.35353705486526166,0.1461616476107747,0.6487861231409529,0.7165132954846829
MMP0164,2,0.6836530189219037,0.6836530189219037,0.3544129111075561,0.23730901386768735,0.6651562364574279,0.7165132954846829
MMP0212,2,0.5454870783550161,0.5454870783550161,0.3545833401172794,0.1976093016102651,0.6549375472070313,0.7165132954846829
MMP0669,2,0.757771077058307,0.757771077058307,0.35552481522603924,0.10983247314161179,0.6403449681145896,0.7165132954846829
MMP1047,2,0.06881670267029208,0.06881670267029208,0.35590664943775485,0.2715464220910502,0.6639405971549506,0.7165132954846829
MMP1702,2,0.37478700370264434,0.37478700370264434,0.35727759058350494,0.14044708910289574,0.649979722268278,0.7165132954846829
MMP0059,2,-0.9214236617617176,-0.9214236617617176,0.3574971347773526,0.030524063209487536,0.6009218159100809,0.7165132954846829
MMP0387,2,-1.994081430099843,-1.994081430099843,0.3581710205438958,0.1091054523403685,0.6406385021934372,0.7165132954846829
MMP0235,2,0.017345614822538158,0.017345614822538158,0.3617173514760016,0.2650950025155537,0.6673436946162346,0.7165132954846829
MMP0596,2,0.3391479552052543,0.3391479552052543,0.36213917755097996,0.09980241136003336,0.6447821239383322,0.7165132954846829
MMP1584,2,-0.13992100515753103,-0.13992100515753103,0.36727091375797966,0.2393328149252494,0.6725990033436441,0.7165132954846829
MMP0133,2,0.06847636557598064,0.06847636557598064,0.3675401781613884,0.36253906839565775,0.6845004120644747,0.7165132954846829
MMP0872,2,0.9819253827411045,0.9819253827411045,0.37238512253828426,0.37238512253828426,0.6856893815323692,0.7165132954846829
MMP0985,2,0.8176592952576347,0.8176592952576347,0.37469042042568257,0.057564793360738595,0.6263642681737102,0.7165132954846829
MMP1408,2,0.3551176760025566,0.3551176760025566,0.3748724475941861,0.10679315176467087,0.6507048792967439,0.7165132954846829
MMP1317,1,1.0586621622699761,1.0586621622699761,0.3773002008575421,0.3773002008575421,0.6866212075309207,0.7165132954846829
MMP0137,1,-0.7609248823311406,-0.7609248823311406,0.37799043075630323,0.37799043075630323,0.6866212075309207,0.7165132954846829
MMP1466,2,-0.6466284465938819,-0.6466284465938819,0.3806637408373311,0.028518601478616172,0.6162574013823965,0.7165132954846829
MMP0318,2,-0.1753901335819858,-0.1753901335819858,0.3811391581690487,0.11004485596833591,0.6530966779463754,0.7165132954846829
MMP1502,2,0.6375363259930462,0.6375363259930462,0.3811593304338934,0.1682583688964358,0.6668931152463001,0.7165132954846829
MMP1547,2,0.8046752505953535,0.8046752505953535,0.3817345689986926,0.002402373931557531,0.5397555715152336,0.7165132954846829
MMP0044,2,-0.2840191694110037,-0.2840191694110037,0.3821070703616042,0.020193742797597822,0.6106050207623663,0.7165132954846829
MMP1415,2,0.5476964705149092,0.5476964705149092,0.38520723333604523,0.10498447927814766,0.6542053155496301,0.7165132954846829
MMP0553,2,-0.690986507297679,-0.690986507297679,0.3870264067423189,0.12498990136298685,0.6613473058546104,0.7165132954846829
MMP0079,2,0.06662255147862028,0.06662255147862028,0.3886488297358969,0.34288453494942134,0.6950873873306227,0.7165132954846829
MMP1442,1,0.5317279284467391,0.5317279284467391,0.3896487594616569,0.3896487594616569,0.6866212075309207,0.7165132954846829
MMP0224,2,-1.2241528401571973,-1.2241528401571973,0.3897375766138061,0.3897375766138061,0.6866212075309207,0.7165132954846829
MMP0640,2,0.7649525088357598,0.7649525088357598,0.39040084084695037,0.2974054283909504,0.6876921483139331,0.7165132954846829
MMP1697,2,1.3993612431010138,1.3993612431010138,0.3932816660353634,0.003471699693579917,0.5432539257551324,0.7165132954846829
MMP0064,2,-0.297309242739713,-0.297309242739713,0.39376756289842124,0.39376756289842124,0.6903774316971882,0.7165132954846829
MMP1418,2,0.6344967979704117,0.6344967979704117,0.3955895531703764,0.0423640203544285,0.6290418044643863,0.7165132954846829
MMP0704,2,-0.5801556889652564,-0.5801556889652564,0.39582895718337885,0.024977109109935114,0.6190418400705567,0.7165132954846829
MMP0822,2,0.3991738769673478,0.3991738769673478,0.3961509444308692,0.1256695996451063,0.6631301639992283,0.7165132954846829
MMP1145,2,0.06923020886006293,0.06923020886006293,0.39696780653930464,0.3352971485912508,0.6943369255928894,0.7165132954846829
MMP1368,2,0.3676440158878637,0.3676440158878637,0.3992425019554034,0.19494696472257514,0.6821902407379077,0.7165132954846829
MMP1178,2,-0.002245889746768537,-0.002245889746768537,0.400895440543773,0.32946887792874774,0.6957315830419079,0.7165132954846829
MMP1286,2,-0.5253855061295414,-0.5253855061295414,0.4022766266798098,0.0873911052609731,0.6723302989047668,0.7165132954846829
MMP0282,1,-1.7916432376156994,-1.7916432376156994,0.40254477371532493,0.40254477371532493,0.6970241541246932,0.7165132954846829
MMP1091,2,-0.853010728157233,-0.853010728157233,0.40557917277992667,0.40557917277992667,0.6970241541246932,0.7165132954846829
MMP0821,2,-0.7258357713995323,-0.7258357713995323,0.40580087206593185,0.25511088327537446,0.695907732336567,0.7165132954846829
MMP0868,2,1.3304204216122257,1.3304204216122257,0.4064699782111983,0.058313792644753705,0.6424676452774539,0.7165132954846829
MMP1135,2,1.7694954794251143,1.7694954794251143,0.4067573811932105,0.4067573811932105,0.6970241541246932,0.7165132954846829
MMP0686,2,-0.4015086590136652,-0.4015086590136652,0.4071388413442064,0.3190250006275159,0.6989260335926178,0.7165132954846829
MMP0427,2,-0.05804869860708323,-0.05804869860708323,0.40734040265954524,0.3039493069514899,0.7002617941363078,0.7165132954846829
MMP1437,2,0.9059796537639166,0.9059796537639166,0.4086887704738311,0.1989298732151487,0.6864815679069161,0.7165132954846829
MMP1523,2,-0.4824705637616794,-0.4824705637616794,0.40901097952634063,0.40901097952634063,0.6970241541246932,0.7165132954846829
MMP1265,2,-0.6401015884221841,-0.6401015884221841,0.4099202371059009,0.20808545551325908,0.6933071769993877,0.7165132954846829
MMP1666,2,-0.6343484841065277,-0.6343484841065277,0.4111108083127468,0.09334981286284454,0.6750252126451048,0.7165132954846829
MMP1686,2,-0.010210558203968823,-0.010210558203968823,0.41406970535710463,0.30736001162676047,0.7025141639222158,0.7165132954846829
MMP1409,2,-0.5343117146060758,-0.5343117146060758,0.41484189905728763,0.16339301961162467,0.6817125758359477,0.7165132954846829
MMP1260,2,0.5844454485936963,0.5844454485936963,0.4156744230489341,0.3885613498310004,0.7010888144385222,0.7165132954846829
MMP0550,2,-1.0592425792305717,-1.0592425792305717,0.41578052384325953,0.1135592224946315,0.6747729039650532,0.7165132954846829
MMP1414,2,0.10818059948318848,0.10818059948318848,0.4180123163572271,0.3976732937803712,0.704577983987836,0.7165132954846829
MMP0060,2,0.2071696988402283,0.2071696988402283,0.4184334415132297,0.3299654237957345,0.7079936306796649,0.7165132954846829
MMP1373,2,-0.3228486464112438,-0.3228486464112438,0.41940819114538486,0.29994772424071564,0.7066693071347296,0.7165132954846829
MMP0694,2,-0.8513786885816376,-0.8513786885816376,0.4195434168925831,0.006017854365519581,0.5826390547813249,0.7165132954846829
MMP0576,2,-0.04264646672684988,-0.04264646672684988,0.4207762079483542,0.4061262840500859,0.7062902877354085,0.7165132954846829
MMP1206,2,-0.5964885149610564,-0.5964885149610564,0.4209967797285175,0.18368087542632064,0.6918760790747442,0.7165132954846829
MMP0278,2,0.546873019369672,0.546873019369672,0.42210443828116484,0.1903766568824816,0.691662875241023,0.7165132954846829
MMP0141,2,0.4556058159428765,0.4556058159428765,0.4225437742358053,0.13673653056211119,0.6869370952075283,0.7165132954846829
MMP1532,1,0.36210051550933653,0.36210051550933653,0.4240780165865719,0.4240780165865719,0.7101686971476476,0.7165132954846829
MMP1053,2,-0.11877235895467933,-0.11877235895467933,0.42427148665535597,0.18856927748590377,0.6924185264820978,0.7165132954846829
MMP1150,2,0.7423250541236086,0.7423250541236086,0.42814411937493724,0.25247125279936705,0.7103699553079772,0.7165132954846829
MMP0136,2,-0.04792746428999853,-0.04792746428999853,0.4295817081649847,0.14826609664537768,0.6919442940885094,0.7165132954846829
MMP1370,2,0.1839634966908944,0.1839634966908944,0.4303618481648976,0.38134532210535443,0.7110112901753325,0.7165132954846829
MMP0168,2,-0.1659744376184169,-0.1659744376184169,0.4325704662586086,0.42867429364063847,0.7143692171055642,0.7165132954846829
MMP0179,2,-0.22936192162385677,-0.22936192162385677,0.4347088345118215,0.30640042120368055,0.7171884408032638,0.7165132954846829
MMP1527,2,0.2874944945198297,0.2874944945198297,0.437727471992812,0.18010008334247793,0.7005303924728472,0.7165132954846829
MMP1624,2,-0.7428509093029907,-0.7428509093029907,0.4379642073815758,0.36773901232910894,0.720473067955506,0.7165132954846829
MMP0080,2,0.16402744019750373,0.16402744019750373,0.43942705932936393,0.16806419421772048,0.6979358359254846,0.7165132954846829
MMP0125,2,-0.004645037224570492,-0.004645037224570492,0.4404166714705874,0.3653400212554364,0.7217750385750618,0.7165132954846829
MMP1543,2,0.6708527695908175,0.6708527695908175,0.4438190211635093,0.042051562156948316,0.6510884144616699,0.7165132954846829
MMP0326,2,0.0979915365910159,0.0979915365910159,0.4457117644579597,0.44212498281512386,0.7178121449657522,0.7165132954846829
MMP1216,2,0.11705464409042657,0.11705464409042657,0.44652296946862796,0.2747010768684457,0.7183686909668581,0.7165132954846829
MMP1036,2,-0.3535868078122265,-0.3535868078122265,0.44701931468801065,0.37330403312764315,0.7233626520317942,0.7165132954846829
MMP1498,2,-0.9107683021267983,-0.9107683021267983,0.4471820765578368,0.4471820765578368,0.7190568938670865,0.7165132954846829
MMP0645,2,0.24858940459191814,0.24858940459191814,0.447680260529208,0.34857229205615914,0.7294739179554464,0.7165132954846829
MMP0312,2,0.07346582794068962,0.07346582794068962,0.44803307133592096,0.35936776719114416,0.7271420670779172,0.7165132954846829
MMP1716,2,-0.35547252738812407,-0.35547252738812407,0.45528162465641403,0.11539965234692152,0.6920215437535342,0.7165132954846829
MMP1559,2,0.44312966320000124,0.44312966320000124,0.45735226739770557,0.07373765202125136,0.6848356694497815,0.7165132954846829
MMP0697,2,-0.11129403992360645,-0.11129403992360645,0.46001024592958883,0.2788400131140938,0.7292007616508988,0.7165132954846829
MMP0154,2,-1.1507086247301297,-1.1507086247301297,0.46091777443593823,0.06324550451050258,0.6713525272347549,0.7165132954846829
MMP1212,2,-0.5054169389882828,-0.5054169389882828,0.4613276767879723,0.2951640213473051,0.7313775292295481,0.7165132954846829
MMP1148,2,-0.8563531786902525,-0.8563531786902525,0.46192275601419464,0.04453085178042837,0.6571320711159006,0.7165132954846829
MMP1360,2,0.8434322623293339,0.8434322623293339,0.4630140865991499,0.10844571920567163,0.6959927478063364,0.7165132954846829
MMP0916,2,0.31616401007275763,0.31616401007275763,0.46322094443797324,0.1167202957238832,0.6969939993041758,0.7165132954846829
MMP0597,2,0.32126811054416465,0.32126811054416465,0.46534901549278246,0.3175568737087998,0.7362123601770467,0.7165132954846829
MMP1254,2,0.16816323545025327,0.16816323545025327,0.46599336489540966,0.2676629608348929,0.727927128940516,0.7165132954846829
MMP0317,2,0.42414302546961213,0.42414302546961213,0.46655057745462186,0.11518058216772539,0.698496306436209,0.7165132954846829
MMP0623,2,0.34728432048942837,0.34728432048942837,0.4694145293252906,0.2668962270746669,0.7290693962123731,0.7165132954846829
MMP1186,2,0.3615077455473786,0.3615077455473786,0.4721522475101696,0.13851144679067387,0.7095057501630153,0.7165132954846829
MMP1153,2,-0.4182686320549372,-0.4182686320549372,0.47278699545559516,0.11416720146998675,0.7010775259857412,0.7165132954846829
MMP0591,2,-0.06855387201524948,-0.06855387201524948,0.4733881027624967,0.32837454186652504,0.7405671675303526,0.7165132954846829
MMP1029,2,-0.47993440551279076,-0.47993440551279076,0.4751977324479119,0.4385523626228801,0.7368359337077952,0.7165132954846829
MMP1271,2,0.5724647289526366,0.5724647289526366,0.4765508477377797,0.4267696458314981,0.7374862706719858,0.7165132954846829
MMP0500,2,1.2444333851280467,1.2444333851280467,0.4782397329370089,0.35489621130771776,0.7481937499833093,0.7165132954846829
MMP1362,2,0.39904696422904096,0.39904696422904096,0.4786366713019871,0.049494745067799974,0.6671160556487264,0.7165132954846829
MMP1406,2,0.5535846860780531,0.5535846860780531,0.47990279200447283,0.10826923512710135,0.7029241265827979,0.7165132954846829
MMP1533,2,-0.37989322181282154,-0.37989322181282154,0.48014403072879597,0.17680157606758448,0.7177084352578774,0.7165132954846829
MMP0081,2,-0.7080809531827142,-0.7080809531827142,0.4808232864284667,0.12024723614153227,0.7054753278174115,0.7165132954846829
MMP1349,2,-0.974040038370964,-0.974040038370964,0.48201151876548526,0.48201151876548526,0.7361814020449936,0.7165132954846829
MMP1249,2,0.3279200499064712,0.3279200499064712,0.4827031963722794,0.18472490169407993,0.7237087755261211,0.7165132954846829
MMP1094,2,-0.25552097101221344,-0.25552097101221344,0.4827961734725249,0.34284869043911964,0.7495276599821716,0.7165132954846829
MMP0108,2,-0.4562361380897103,-0.4562361380897103,0.4832250209807937,0.07938334596392722,0.6981445766559504,0.7165132954846829
MMP0925,2,-0.4357190778009106,-0.4357190778009106,0.48471710361027287,0.07854019593498275,0.6974644820438244,0.7165132954846829
MMP1579,2,1.2448981524104321,1.2448981524104321,0.4860993598675241,0.033184942125391595,0.6589512945467537,0.7165132954846829
MMP0820,2,-0.31942964589478273,-0.31942964589478273,0.4876649378888879,0.11662102489535396,0.7066677106499243,0.7165132954846829
MMP1404,2,0.6863062541496032,0.6863062541496032,0.4884079414903724,0.010800179790078883,0.6314564443182923,0.7165132954846829
MMP1647,2,0.5309234853035362,0.5309234853035362,0.4885902416832488,0.09460154403751007,0.7075998685695678,0.7165132954846829
MMP1361,2,0.23716534988717278,0.23716534988717278,0.48933094622081974,0.31236259064623106,0.7461928408980605,0.7165132954846829
MMP0658,2,-0.499034113748945,-0.499034113748945,0.49079697569048697,0.08491955803171179,0.7098777638292237,0.7165132954846829
MMP1070,2,-0.5396140666739793,-0.5396140666739793,0.49130580038384775,0.09246747720736287,0.7088965968061547,0.7165132954846829
MMP1714,1,0.2710324819986617,0.2710324819986617,0.4919529325015506,0.4919529325015506,0.7455578256861959,0.7165132954846829
MMP0214,2,0.4782148660224509,0.4782148660224509,0.4925342163127894,0.3886089991029284,0.7504846035185813,0.7165132954846829
MMP1721,2,-0.21057800234932655,-0.21057800234932655,0.49344959328906257,0.25957597224035905,0.7479224604107382,0.7165132954846829
MMP1546,2,-0.15588554186456094,-0.15588554186456094,0.49354415270759766,0.2406889164633998,0.7459609328935507,0.7165132954846829
MMP0429,2,0.5156014810882857,0.5156014810882857,0.4945596531398751,0.09313627724110426,0.7098777638292237,0.7165132954846829
MMP1137,2,0.6866941796444307,0.6866941796444307,0.4958431525339271,0.011362114988557482,0.6346243163461092,0.7165132954846829
MMP1611,2,-0.8409445340542673,-0.8409445340542673,0.49919224595917566,0.17175760674052046,0.7247370154431239,0.7194241191764591
MMP1044,2,0.5970864750424512,0.5970864750424512,0.5014121185506533,0.137113418180568,0.7212242385253157,0.7206963517301389
MMP0396,2,-0.06543188766487024,-0.06543188766487024,0.503477011365604,0.16720078292883328,0.7287208269687271,0.7217396519310121
MMP1320,2,-0.3152951153288847,-0.3152951153288847,0.5079987360318068,0.08601713461796986,0.7174734215001531,0.7237580312424586
MMP0413,2,0.5416280041121505,0.5416280041121505,0.5091321820196425,0.3297570925066223,0.7600251057526088,0.7237580312424586
MMP0163,2,0.13972092358455712,0.13972092358455712,0.5101379722097509,0.10229786711827912,0.715286046320573,0.7237580312424586
MMP1696,2,1.026468225939372,1.026468225939372,0.5118198778780267,0.23173742613473938,0.7514468810566783,0.7237580312424586
MMP1156,2,0.32872975383230646,0.32872975383230646,0.5125103749645815,0.3023561888329766,0.7617200000317436,0.7237580312424586
MMP1324,2,0.6914539306018537,0.6914539306018537,0.512941684479813,0.026565917352006963,0.6689344833181247,0.7237580312424586
MMP0391,2,0.3056348363186473,0.3056348363186473,0.5191075004199834,0.4121261318960816,0.7615654529788188,0.7266932387280636
MMP1556,2,-0.45235130386865563,-0.45235130386865563,0.5211232099345398,0.1980987442403653,0.7444183810264087,0.7266932387280636
MMP0397,2,-0.2866100554677578,-0.2866100554677578,0.5217547017238898,0.3029649404526856,0.7670044692229993,0.7266932387280636
MMP0636,2,-0.5025226031618737,-0.5025226031618737,0.5218610565018595,0.5218610565018595,0.7610359225312192,0.7266932387280636
MMP0178,2,0.539030776600286,0.539030776600286,0.5234867464776373,0.22638994553853056,0.7575219355052603,0.7266932387280636
MMP0410,1,-1.0638981938982492,-1.0638981938982492,0.5242186312880036,0.5242186312880036,0.7627087186458852,0.7266932387280636
MMP0183,2,-0.4504561743662702,-0.4504561743662702,0.5262628089000956,0.3061703664552575,0.7681791569708865,0.7266932387280636
MMP1251,2,0.31764797012039275,0.31764797012039275,0.5276677906477175,0.22895417111918687,0.757685655481179,0.7266932387280636
MMP1259,2,-0.40789220944963034,-0.40789220944963034,0.5276798994159084,0.3538678564657859,0.7761328724246248,0.7266932387280636
MMP1544,2,0.17564981441337535,0.17564981441337535,0.5291661216429123,0.4083187712064302,0.7685474849213946,0.7266932387280636
MMP0166,2,-0.23125793186670263,-0.23125793186670263,0.5298523985531151,0.474018672640732,0.7714486132442968,0.7266932387280636
MMP0893,2,0.13076938101994984,0.13076938101994984,0.5350737987055978,0.4517765695806571,0.7714265946868261,0.7308817749547046
MMP0706,2,0.8384766524852896,0.8384766524852896,0.5379878354719121,0.5379878354719121,0.7709726915592541,0.7308817749547046
MMP0353,2,-0.32456618864270126,-0.32456618864270126,0.5396270336892295,0.5396270336892295,0.7709726915592541,0.7308817749547046
MMP0013,2,-0.38259780070663935,-0.38259780070663935,0.541563949053231,0.541563949053231,0.7720676033630746,0.7308817749547046
MMP0373,2,0.5270925984519739,0.5270925984519739,0.5432903710685776,0.2869898435931966,0.7719726793471839,0.7308817749547046
MMP1593,2,-0.5729081751121967,-0.5729081751121967,0.5443306063642628,0.4820614162061837,0.7762886301249312,0.7308817749547046
MMP0572,2,0.12424314624836363,0.12424314624836363,0.5447311085596509,0.16799501498709235,0.7430277433441866,0.7308817749547046
MMP1054,2,0.5053549069525174,0.5053549069525174,0.5486884231949438,0.23855945057665637,0.7707102365639416,0.7308817749547046
MMP1465,2,0.2694403876803501,0.2694403876803501,0.5494934708630093,0.24795614004487915,0.7720181559584322,0.7308817749547046
MMP0940,1,0.8934200863283881,0.8934200863283881,0.5498964006095955,0.5498964006095955,0.7804981169942646,0.7308817749547046
MMP0407,2,-0.5110132592399612,-0.5110132592399612,0.550365383994933,0.3518469416468946,0.7867813018165495,0.7308817749547046
MMP1520,2,-0.8614160948158411,-0.8614160948158411,0.5504725472995865,0.17450580688805686,0.7461391551023437,0.7308817749547046
MMP0309,2,0.2590194102371802,0.2590194102371802,0.5505343239918554,0.22851016669218355,0.7672521228735456,0.7308817749547046
MMP0578,1,-0.1215642244413988,-0.1215642244413988,0.5533270313616347,0.5533270313616347,0.7830710034474597,0.7312789149393423
MMP1072,2,-0.7612403700554995,-0.7612403700554995,0.5562820684712151,0.47673892228827475,0.7840077769773747,0.7312789149393423
MMP1181,2,-0.303998676528718,-0.303998676528718,0.5571268074968133,0.3877870353573651,0.7855523572070165,0.7312789149393423
MMP0696,2,0.3454356223252569,0.3454356223252569,0.5582770587359662,0.27263634002829346,0.7747009433359995,0.7312789149393423
MMP1191,2,0.23190696483109094,0.23190696483109094,0.5585078417859366,0.4625651733320062,0.7839363252212974,0.7312789149393423
MMP1417,2,0.22890622432744273,0.22890622432744273,0.5589738644805362,0.45891059926809313,0.7829460505929733,0.7312789149393423
MMP1586,2,-0.2556397248688381,-0.2556397248688381,0.5621063340804389,0.20333820377041364,0.762435503413889,0.7335964021049795
MMP0489,2,-0.502424139741358,-0.502424139741358,0.5654051239399859,0.17041815970307628,0.7545733389032694,0.7361192314097884
MMP0006,2,-0.25168182073388057,-0.25168182073388057,0.5678188885930121,0.21337592695979354,0.7677822548442833,0.7370323941737938
MMP0695,2,-0.27720129328028065,-0.27720129328028065,0.5688413283419262,0.25565880813785885,0.7784408227793584,0.7370323941737938
MMP1016,2,0.20793117838193914,0.20793117838193914,0.5725628100247953,0.37060772544687004,0.796442129676189,0.7371773499207033
MMP0050,2,0.17461699675916093,0.17461699675916093,0.5733059074601243,0.28238883035445184,0.7836091377183283,0.7371773499207033
MMP0817,2,0.3340432281332241,0.3340432281332241,0.5740802855805387,0.2292578793846497,0.7763925992141483,0.7371773499207033
MMP1064,1,-0.4467079646993089,-0.4467079646993089,0.5744239090291194,0.5744239090291194,0.8012137520751983,0.7371773499207033
MMP0979,2,-0.3489952647119835,-0.3489952647119835,0.5761374689121528,0.22711506022584074,0.7771080123319396,0.7376201799136588
MMP0052,2,-0.6762327292717856,-0.6762327292717856,0.5829282766165722,0.4167832870187983,0.7979259380015977,0.7386728619754954
MMP1589,2,-0.5689507826347959,-0.5689507826347959,0.5831863697635729,0.3791174401229836,0.7985454483432555,0.7386728619754954
MMP0042,2,0.05977813821632538,0.05977813821632538,0.5859715857145502,0.31214603801979823,0.7957098793795263,0.7386728619754954
MMP0327,2,0.4867854459496571,0.4867854459496571,0.5870457800644222,0.4208269336547406,0.8010417742151141,0.7386728619754954
MMP0341,2,-0.6372508178353307,-0.6372508178353307,0.5873017797598779,0.18825672019809073,0.7679369821814765,0.7386728619754954
MMP1011,2,0.3415140176830472,0.3415140176830472,0.5879073567291815,0.2616402106853898,0.7886623668634772,0.7386728619754954
MMP0420,2,0.24130896915449612,0.24130896915449612,0.5882200872740246,0.41125296205621,0.8000714941430407,0.7386728619754954
MMP1692,2,0.035306488822911763,0.035306488822911763,0.5901858629960726,0.5399994678483205,0.8037226688424581,0.7386728619754954
MMP0666,2,-0.7827261969449537,-0.7827261969449537,0.591595699006894,0.5521351222906359,0.8056891445482597,0.7386728619754954
MMP1635,2,-0.33863523519908667,-0.33863523519908667,0.5920891562967577,0.5163334379241562,0.8017434458595626,0.7386728619754954
MMP0650,2,0.36895669477659443,0.36895669477659443,0.5933995247509134,0.5892592080614607,0.8140478638037079,0.7386728619754954
MMP0393,1,0.7664145444257128,0.7664145444257128,0.593405100622244,0.593405100622244,0.8134216902633675,0.7386728619754954
MMP0585,2,0.18390265077202209,0.18390265077202209,0.5998910631272443,0.2594457270337479,0.7924430783305064,0.739185599028715
MMP1318,2,-0.1982867130825177,-0.1982867130825177,0.5999773495413157,0.3773639305194305,0.8073361655190607,0.739185599028715
MMP0167,2,0.2783628400190726,0.2783628400190726,0.6007752441938626,0.4287933176523065,0.8099418799306146,0.739185599028715
MMP0103,2,0.5698867523829951,0.5698867523829951,0.6009437446704391,0.21966533889409467,0.787353052567681,0.739185599028715
MMP0392,2,-0.3424326155835074,-0.3424326155835074,0.6019932711899239,0.3579065864077552,0.8101942781524007,0.739185599028715
MMP1308,2,0.1352094200876878,0.1352094200876878,0.6020454136801593,0.5551061037216853,0.8122028393523975,0.739185599028715
MMP0959,1,-0.16505587987541148,-0.16505587987541148,0.6042715934543632,0.6042715934543632,0.8158087900471738,0.7401608948130014
MMP1013,2,-0.6864424394472002,-0.6864424394472002,0.605586186665183,0.22878804068376252,0.7906898509691416,0.7401608948130014
MMP1493,2,-0.3872546011929703,-0.3872546011929703,0.6077286448506731,0.42478065666166115,0.8112076982653704,0.7410989583133775
MMP1241,1,-0.35183520420456904,-0.35183520420456904,0.6116729450361325,0.6116729450361325,0.8201923242384894,0.7430006108744713
MMP1210,2,0.015390424752612875,0.015390424752612875,0.615882179268437,0.5154531539986394,0.8196443189582046,0.7430006108744713
MMP0257,2,0.4449100196579504,0.4449100196579504,0.6160522657682613,0.27024440114793596,0.8001372394386355,0.7430006108744713
MMP0688,2,-0.3635823490308798,-0.3635823490308798,0.6180954963831987,0.35977343657844785,0.8162379348066315,0.7430006108744713
MMP0385,2,0.5234872757248417,0.5234872757248417,0.6193726177885799,0.5019215011123436,0.8206932486583155,0.7430006108744713
MMP1555,2,-0.11007314760415299,-0.11007314760415299,0.6195581854926704,0.5324871782492387,0.8219381768913341,0.7430006108744713
MMP1327,2,0.22386566744584674,0.22386566744584674,0.6201167767845561,0.2802930064495278,0.8051258050704428,0.7430006108744713
MMP0831,1,0.21235956495164166,0.21235956495164166,0.6229965954988521,0.6229965954988521,0.8244369666492215,0.7430006108744713
MMP0946,2,0.2886884713773469,0.2886884713773469,0.6233885561384267,0.5379953536036097,0.8230505947564766,0.7430006108744713
MMP0569,2,-0.3315300063309562,-0.3315300063309562,0.6241797040954015,0.26434550212631536,0.803299881458673,0.7430006108744713
MMP0584,2,0.5302534758263038,0.5302534758263038,0.6244513482859657,0.284013264327028,0.8060124861318443,0.7430006108744713
MMP0372,2,0.20105036768182383,0.20105036768182383,0.6282885948089898,0.2610514915905543,0.8055684296050399,0.7445697575620314
MMP1429,2,0.2987637576460939,0.2987637576460939,0.6285329122276888,0.37988247467864117,0.8178928172738018,0.7445697575620314
MMP1066,2,0.5910153654478066,0.5910153654478066,0.6307280412145186,0.6307280412145186,0.8288500337856328,0.7449922408310744
MMP1352,2,0.5902090052742391,0.5902090052742391,0.6330579401676184,0.3972897774855485,0.81981645923069,0.7449922408310744
MMP0083,2,-0.2513012116036343,-0.2513012116036343,0.6342748253244355,0.5007934995797358,0.8269829319282371,0.7449922408310744
MMP0908,2,-0.30965367311084746,-0.30965367311084746,0.6344182533236793,0.3830523878549994,0.8193653570310017,0.7449922408310744
MMP0982,1,0.7205241928634137,0.7205241928634137,0.6363978956985092,0.6363978956985092,0.833603738885192,0.7456923169162967
MMP0947,2,0.12112461483820394,0.12112461483820394,0.6396517166621101,0.34549019420486704,0.8251675954289992,0.7478791220843326
MMP0148,2,0.5297366886927019,0.5297366886927019,0.6424641472025499,0.596299671436964,0.8372336817099953,0.7495415050696416
MMP0431,2,-1.6377371824645637,-1.6377371824645637,0.6457323373524333,0.6457323373524333,0.8390186611505442,0.7517272782569364
MMP0933,2,0.819982651063204,0.819982651063204,0.653563194070135,0.4340998236258915,0.8314832075620295,0.7592037965599197
MMP1297,2,0.1852197543074519,0.1852197543074519,0.6564179429437045,0.32966012900448094,0.8271081487802983,0.7608801532186166
MMP0135,2,-0.14308152598978502,-0.14308152598978502,0.6615446867440175,0.5257211020720864,0.8391553597562985,0.7651772235086383
MMP0901,2,0.3532405306203905,0.3532405306203905,0.6638235198186134,0.4097177104307339,0.8313575502919168,0.7657462458148385
MMP0180,2,-0.3607655916475222,-0.3607655916475222,0.6648780019319934,0.4666875087214733,0.8362324619793868,0.7657462458148385
MMP1416,2,0.22388505001247566,0.22388505001247566,0.6726427815998273,0.4657895277577787,0.8393415923624725,0.7680614291189314
MMP0559,2,-0.3561238683858155,-0.3561238683858155,0.6750880927956583,0.5675584997536525,0.8505971374765342,0.7680614291189314
MMP1367,2,0.5687476583409798,0.5687476583409798,0.6774407675934733,0.3895288650523153,0.8372854567222071,0.7680614291189314
MMP0289,2,0.8027740574043567,0.8027740574043567,0.6778852404374871,0.599919046710113,0.8556792960465891,0.7680614291189314
MMP1322,2,-0.2906282818196851,-0.2906282818196851,0.6784687767004685,0.4687610199323752,0.8408141321196725,0.7680614291189314
MMP0937,2,-1.120724005978165,-1.120724005978165,0.6797759892465787,0.6797759892465787,0.8536926924060386,0.7680614291189314
MMP1105,2,0.4944337696173944,0.4944337696173944,0.680255991657157,0.4732072707334333,0.8419210776025728,0.7680614291189314
MMP0965,2,-0.39675682405749463,-0.39675682405749463,0.6811263747423143,0.46854019812187214,0.8416688329440696,0.7680614291189314
MMP1042,2,0.07596356587084589,0.07596356587084589,0.6814490234161166,0.5802614179310706,0.8576931601742319,0.7680614291189314
MMP0151,2,-1.0096862084243265,-1.0096862084243265,0.6820352913094281,0.6820352913094281,0.8551945103465367,0.7680614291189314
MMP1500,2,-0.16552776154428384,-0.16552776154428384,0.6836602080857277,0.6160725451053023,0.8578390987112701,0.7680614291189314
MMP1668,2,0.06931078196837893,0.06931078196837893,0.6847947267016585,0.5938377284961784,0.860308284041688,0.7680614291189314
MMP0057,2,0.19666920226954443,0.19666920226954443,0.6878136051074315,0.5921546266741068,0.860308284041688,0.7680614291189314
MMP1129,2,0.42257822840500503,0.42257822840500503,0.6883529299531731,0.6710501493055268,0.8602091604929214,0.7680614291189314
MMP1252,2,0.41494832122945946,0.41494832122945946,0.6897541132912184,0.6376087841427518,0.8630918898470649,0.7680614291189314
MMP1240,2,0.46227434627616165,0.46227434627616165,0.6906506568444992,0.4480911012663643,0.8456463702374818,0.7680614291189314
MMP0092,2,-0.11924887124826725,-0.11924887124826725,0.691112788724827,0.6183662999717814,0.862015529203837,0.7680614291189314
MMP0369,2,0.2607320765817114,0.2607320765817114,0.6936615912489942,0.437913351287243,0.8481884116399783,0.7693078141629792
MMP0298,2,0.46858553839521694,0.46858553839521694,0.6962480535429082,0.41087660790815034,0.8457354283737155,0.7705907615187424
MMP0917,2,-0.19320557261166377,-0.19320557261166377,0.6996876573489121,0.6628484689956752,0.8669865745197647,0.7728107526866058
MMP0968,2,0.028478426071610052,0.028478426071610052,0.7048099171494562,0.7048099171494562,0.8746155286320016,0.7768763708457196
MMP1354,1,0.7227283989505159,0.7227283989505159,0.7141898802969633,0.7141898802969633,0.8784444779256169,0.7855866696270211
MMP0263,2,-0.5817535834139935,-0.5817535834139935,0.7156271888439097,0.439561507425985,0.8572012766617818,0.7855866696270211
MMP0884,2,-0.2575349332549025,-0.2575349332549025,0.719555789375051,0.719555789375051,0.8802400192091623,0.7870764230676714
MMP1272,2,-0.1743981893967534,-0.1743981893967534,0.720196379352951,0.720196379352951,0.8802400192091623,0.7870764230676714
MMP0834,1,0.5745721591221589,0.5745721591221589,0.7226381344429456,0.7226381344429456,0.8810318578603381,0.7870764230676714
MMP1169,2,0.09623305893101611,0.09623305893101611,0.7228252864907186,0.5661046111694905,0.8715819120748713,0.7870764230676714
MMP0249,2,0.0951633449868369,0.0951633449868369,0.726757818617858,0.590798925630255,0.8781839282569395,0.7892181213309408
MMP1200,2,0.06403552298513056,0.06403552298513056,0.7277206053830753,0.5852283716772393,0.8787788041406859,0.7892181213309408
MMP0879,2,-0.18622712668937702,-0.18622712668937702,0.7291873704207137,0.6799556465341485,0.8804437851130236,0.7892208687886841
MMP0335,2,-0.07135164734398092,-0.07135164734398092,0.7389722731924103,0.7389722731924103,0.8908158909716727,0.7982085275565314
MMP0443,2,-0.07309018438956687,-0.07309018438956687,0.7487253981473938,0.5170741837067946,0.8769058583898575,0.8071259792028905
MMP1159,1,0.3127935570017679,0.3127935570017679,0.7534207782300786,0.7534207782300786,0.8948605071493448,0.8105664660000247
MMP1116,2,-0.13548727780937378,-0.13548727780937378,0.759149009771957,0.5256430825993923,0.8807774253116625,0.8151022236396112
MMP1391,2,-0.16142208852723594,-0.16142208852723594,0.762539792531497,0.5585626723563014,0.8874891665236315,0.816350549228112
MMP1131,2,0.20245996584854764,0.20245996584854764,0.7633407733042086,0.6700544262409358,0.8941062167948688,0.816350549228112
MMP1496,2,-0.20539787931434655,-0.20539787931434655,0.7649927820013493,0.5941003460911166,0.892836558448007,0.8164972465321333
MMP1486,1,-0.3790417095295894,-0.3790417095295894,0.7667676983464808,0.7667676983464808,0.9029575815077779,0.8167742873690774
MMP1183,2,0.26246872070570637,0.26246872070570637,0.770071929559413,0.770071929559413,0.9046476065697957,0.8186760750148394
MMP0887,1,-0.12155872324659944,-0.12155872324659944,0.7786864600467477,0.7786864600467477,0.9071948778200086,0.8262047282779469
MMP0003,2,-0.13555937698050685,-0.13555937698050685,0.7895250115051302,0.7787063543224884,0.9120191378980299,0.8360589021635858
MMP1114,2,0.6437075868839941,0.6437075868839941,0.8061832696996307,0.8061832696996307,0.9202658078646728,0.8520250634668647
MMP1166,1,0.25300585113139873,0.25300585113139873,0.8109522919806444,0.8109522919806444,0.9235315513379574,0.8550340178834145
MMP0629,2,-0.08133669583485581,-0.08133669583485581,0.8122030002899967,0.6639327645323376,0.9157395954153742,0.8550340178834145
MMP0061,2,0.41895459508020283,0.41895459508020283,0.8175075488514529,0.8175075488514529,0.9271043494306671,0.8585283988763845
MMP1643,2,0.25945572320711274,0.25945572320711274,0.8209490713368379,0.6423950707314099,0.9180158421768742,0.8585283988763845
MMP0978,2,-0.284439199056198,-0.284439199056198,0.820996210527539,0.8161310581160975,0.9276907042119347,0.8585283988763845
MMP0833,1,0.3921392376167304,0.3921392376167304,0.8239259407741021,0.8239259407741021,0.9282770589932022,0.8585283988763845
MMP1275,2,-0.08632841727472187,-0.08632841727472187,0.8249578400145441,0.7013700717546932,0.9262537184318189,0.8585283988763845
MMP0383,2,-0.03562706876630861,-0.03562706876630861,0.8250792404786034,0.7388421370660779,0.9279868409380314,0.8585283988763845
MMP1326,2,0.26048996345890907,0.26048996345890907,0.8329352238436443,0.8329352238436443,0.9322667885297318,0.8650329203308752
MMP0894,2,0.05669854937493597,0.05669854937493597,0.8350352445731508,0.7472769710939204,0.9293374200863973,0.8655461477402466
MMP0440,2,-0.8980673079024953,-0.8980673079024953,0.842873911511958,0.842873911511958,0.9370771137082214,0.8719943153645785
MMP1176,2,-0.3667957939176802,-0.3667957939176802,0.850318433961155,0.7938850680875529,0.9386281025194447,0.8774806111431317
MMP0984,2,0.04384348342010108,0.04384348342010108,0.851432949216805,0.8415822432283568,0.9400116399793664,0.8774806111431317
MMP0414,2,-0.019140031199863516,-0.019140031199863516,0.856895315067203,0.8217616911088366,0.9405619927562223,0.8803557729278709
MMP1133,2,-0.20736981615542682,-0.20736981615542682,0.8574893892154587,0.7297159966201932,0.9398392656191601,0.8803557729278709
MMP0608,2,-0.23218306070675104,-0.23218306070675104,0.8594774224038437,0.8594774224038437,0.9425635618801863,0.8807192598396801
MMP1588,2,-0.0995001918169496,-0.0995001918169496,0.8835764240559555,0.8564788632603859,0.9538606763922882,0.9036958113209868
MMP1211,2,-0.0732709226710363,-0.0732709226710363,0.8881775740538601,0.8190312293817622,0.9576097082715008,0.9060652986560529
MMP0651,2,0.10478611891007261,0.10478611891007261,0.8892551817978701,0.8053736379555072,0.9564428883473761,0.9060652986560529
MMP1046,2,0.05493012400409032,0.05493012400409032,0.891970390812683,0.788883158921441,0.9553833365892446,0.9071170578264832
MMP1506,2,0.7022965588657042,0.7022965588657042,0.9057962564090127,0.9057962564090127,0.9634859958727168,0.9194429043398453
MMP0487,2,0.9409279426094436,0.9409279426094436,0.9161214628736178,0.9161214628736178,0.9656909464591406,0.9281756926482707
MMP1525,2,-0.6974943213801,-0.6974943213801,0.9203057511323074,0.9203057511323074,0.9656909464591406,0.9306656657792002
MMP1663,2,-0.22486875570512332,-0.22486875570512332,0.922280982198724,0.922280982198724,0.9656909464591406,0.9309165719196859
MMP1662,2,-0.04293513830143625,-0.04293513830143625,0.9549776776816196,0.9379771461817177,0.9828239672095458,0.9621176977016691
MMP0620,2,-0.011412063413814066,-0.011412063413814066,0.9588410971087978,0.9360933157248208,0.983268438300887,0.9642077450403769
MMP1101,2,0.06343615075805834,0.06343615075805834,0.9625140750082837,0.9625140750082837,0.9879497059134935,0.9660988574105491
MMP0955,2,0.8523118333184768,0.8523118333184768,0.9838723873353515,0.9838723873353515,0.9942854499691274,0.985701146419618
MMP1213,2,-0.0013150490308369428,-0.0013150490308369428,0.9987785617873504,0.9985304054453958,0.999503071942266,0.9987785617873504
MMP0002,1,0.8710944821098825,0.8710944821098825,,,,
MMP0033,1,1.2800478599417164,1.2800478599417164,,,,
MMP0038,1,-3.422744398659626,-3.422744398659626,,,,
MMP0046,1,-0.16143085255040612,-0.16143085255040612,,,,
MMP0055,1,-1.460227148482811,-1.460227148482811,,,,
MMP0065,2,-0.35461365184322324,-0.35461365184322324,,,,
MMP0086,2,0.14811248584022624,0.14811248584022624,,,,
MMP0093,2,-0.753673291817003,-0.753673291817003,,,,
MMP0113,1,-1.6834216254077976,-1.6834216254077976,,,,
MMP0155,1,-0.9344969943557803,-0.9344969943557803,,,,
MMP0165,1,-0.2968633909911615,-0.2968633909911615,,,,
MMP0177,1,-1.6535854301788178,-1.6535854301788178,,,,
MMP0221,1,0.05211558499318392,0.05211558499318392,,,,
MMP0262,1,0.0739437242022975,0.0739437242022975,,,,
MMP0264,1,-0.1392092118527568,-0.1392092118527568,,,,
MMP0267,1,1.7710341754472498,1.7710341754472498,,,,
MMP0279,1,0.5286991745001726,0.5286991745001726,,,,
MMP0296,1,-0.5399219108739356,-0.5399219108739356,,,,
MMP0300,1,1.4039263281338008,1.4039263281338008,,,,
MMP0330,2,-0.4457814531763457,-0.4457814531763457,,,,
MMP0348,1,-0.7850254498369807,-0.7850254498369807,,,,
MMP0351,1,1.401992528256375,1.401992528256375,,,,
MMP0370,2,-1.4100782731623722,-1.4100782731623722,,,,
MMP0402,1,-0.4271505187787571,-0.4271505187787571,,,,
MMP0405,1,-0.036305116225595735,-0.036305116225595735,,,,
MMP0411,1,2.5982199014815155,2.5982199014815155,,,,
MMP0419,1,1.1102520210921893,1.1102520210921893,,,,
MMP0421,1,-0.2202468515697843,-0.2202468515697843,,,,
MMP0428,1,-0.6358009179108308,-0.6358009179108308,,,,
MMP0432,2,-1.3891455491409381,-1.3891455491409381,,,,
MMP0433,2,0.7384149933514104,0.7384149933514104,,,,
MMP0453,1,-1.1248780394058822,-1.1248780394058822,,,,
MMP0476,1,-0.5166031482002678,-0.5166031482002678,,,,
MMP0516,1,-0.3530705589427847,-0.3530705589427847,,,,
MMP0526,1,-1.0100673450753264,-1.0100673450753264,,,,
MMP0545,1,-2.6586131497709076,-2.6586131497709076,,,,
MMP0580,1,2.1819678664514397,2.1819678664514397,,,,
MMP0601,2,0.4594293490705845,0.4594293490705845,,,,
MMP0605,1,-0.24315200116839175,-0.24315200116839175,,,,
MMP0607,1,0.815589793517147,0.815589793517147,,,,
MMP0610,1,0.5539327615893146,0.5539327615893146,,,,
MMP0624,1,-0.47765105546414977,-0.47765105546414977,,,,
MMP0626,1,0.674368575346974,0.674368575346974,,,,
MMP0630,1,-0.7023657769991121,-0.7023657769991121,,,,
MMP0638,2,-0.9817992759235653,-0.9817992759235653,,,,
MMP0656,2,-1.4893593033239307,-1.4893593033239307,,,,
MMP0664,1,0.8822933359023346,0.8822933359023346,,,,
MMP0668,1,-0.6468391672690065,-0.6468391672690065,,,,
MMP0677,1,0.7781391110186424,0.7781391110186424,,,,
MMP0701,1,0.8923131721944585,0.8923131721944585,,,,
MMP0702,1,-0.15650897503292155,-0.15650897503292155,,,,
MMP0715,1,-1.038507940864378,-1.038507940864378,,,,
MMP0720,1,1.4435581198065437,1.4435581198065437,,,,
MMP0729,1,-1.2061134952904053,-1.2061134952904053,,,,
MMP0737,2,-1.1420171740693286,-1.1420171740693286,,,,
MMP0738,1,3.616803810689918,3.616803810689918,,,,
MMP0808,1,-2.469772341377197,-2.469772341377197,,,,
MMP0819,1,-0.8163756951565775,-0.8163756951565775,,,,
MMP0867,1,-1.5578178592166976,-1.5578178592166976,,,,
MMP0874,1,1.6760278782956812,1.6760278782956812,,,,
MMP0875,2,1.7054543131150517,1.7054543131150517,,,,
MMP0881,1,-0.6353285094156585,-0.6353285094156585,,,,
MMP0898,1,0.17770360994454548,0.17770360994454548,,,,
MMP0902,1,-1.1937296983170176,-1.1937296983170176,,,,
MMP0904,1,-0.379856456811682,-0.379856456811682,,,,
MMP0919,1,0.7878212654295329,0.7878212654295329,,,,
MMP0926,1,1.8802145242445447,1.8802145242445447,,,,
MMP0929,2,-0.970224341839234,-0.970224341839234,,,,
MMP0956,1,1.3440611848010102,1.3440611848010102,,,,
MMP0964,1,-0.18745118459293814,-0.18745118459293814,,,,
MMP0974,1,-0.751148483847676,-0.751148483847676,,,,
MMP1007,1,-0.12862332311518254,-0.12862332311518254,,,,
MMP1014,1,-0.7578078339421433,-0.7578078339421433,,,,
MMP1056,1,0.627258887543167,0.627258887543167,,,,
MMP1069,2,-0.9471477968314579,-0.9471477968314579,,,,
MMP1071,1,2.176567629518892,2.176567629518892,,,,
MMP1075,2,-0.06050643232731409,-0.06050643232731409,,,,
MMP1109,1,-1.593887760446721,-1.593887760446721,,,,
MMP1112,1,-1.1185779493743355,-1.1185779493743355,,,,
MMP1157,1,-1.3257145481617179,-1.3257145481617179,,,,
MMP1175,1,-0.2650526368750074,-0.2650526368750074,,,,
MMP1193,1,-0.41311926810320543,-0.41311926810320543,,,,
MMP1198,1,0.031908518993138846,0.031908518993138846,,,,
MMP1205,1,-0.39246005849361953,-0.39246005849361953,,,,
MMP1303,2,-0.7908024288885611,-0.7908024288885611,,,,
MMP1304,1,-1.7657894100170048,-1.7657894100170048,,,,
MMP1337,2,-0.48355821345050465,-0.48355821345050465,,,,
MMP1372,1,0.9743340768110311,0.9743340768110311,,,,
MMP1397,1,-1.1268219436724438,-1.1268219436724438,,,,
MMP1425,1,1.3122862974139244,1.3122862974139244,,,,
MMP1443,2,0.7901096679116197,0.7901096679116197,,,,
MMP1444,2,2.2542728780918377,2.2542728780918377,,,,
MMP1451,1,1.2809000890420343,1.2809000890420343,,,,
MMP1453,1,-0.08540019292709271,-0.08540019292709271,,,,
MMP1464,1,1.0515141059351263,1.0515141059351263,,,,
MMP1473,1,-0.08857795080268148,-0.08857795080268148,,,,
MMP1480,1,0.19926069109299765,0.19926069109299765,,,,
MMP1489,1,-0.4596282179962238,-0.4596282179962238,,,,
MMP1492,1,3.4567879712017078,3.4567879712017078,,,,
MMP1512,1,-0.7007899158014398,-0.7007899158014398,,,,
MMP1531,1,-0.6046683369958362,-0.6046683369958362,,,,
MMP1539,1,1.048867746916536,1.048867746916536,,,,
MMP1540,1,-2.308936402207462,-2.308936402207462,,,,
MMP1551,2,1.2151100256823875,1.2151100256823875,,,,
MMP1569,2,-0.577588103165866,-0.577588103165866,,,,
MMP1583,1,0.5845695092234919,0.5845695092234919,,,,
MMP1592,1,-0.7478838795145849,-0.7478838795145849,,,,
MMP1595,1,1.7605259176098784,1.7605259176098784,,,,
MMP1599,1,0.007932280846966067,0.007932280846966067,,,,
MMP1608,1,-0.6959229178562742,-0.6959229178562742,,,,
MMP1614,1,1.9331973153290152,1.9331973153290152,,,,
MMP1623,1,-0.7012073847801951,-0.7012073847801951,,,,
MMP1646,2,-1.3168932936156936,-1.3168932936156936,,,,
MMP1669,1,1.8563990764846587,1.8563990764846587,,,,
MMP1680,1,1.5307887832485703,1.5307887832485703,,,,
MMP1690,1,-0.6963096747113884,-0.6963096747113884,,,,
MMP1722,1,-1.006200156806521,-1.006200156806521,,,,
