Gene names (ordered locus ),dataset_effect_log2FC,p_value,n_obs,n_growth_rates,mean_formate,mean_phosphate,fdr
MMP1504,1.8285936218218766,2.148504652761769e-06,12,2,-0.5945490909940631,-2.4231427128159404,0.001340666903323344
MMP1503,1.9087557689072046,8.766974155150918e-06,12,2,0.006419241792853192,-1.9023365271143522,0.0027352959364070864
MMP1301,1.1274873001211692,2.83213450081591e-05,12,2,1.4336429153335297,0.3061556152123604,0.004850489583947164
MMP1154,-2.3782160343016,3.109288194837926e-05,11,2,0.40874009306359754,2.6646055717563444,0.004850489583947164
MMP1155,-1.9556987518019178,9.231392957150634e-05,11,2,1.1603992915384131,3.1903270965912407,0.011520778410523992
MMP1015,1.7221163012125167,0.00022295283083442025,12,2,1.895081793159541,0.17296549194702315,0.02159812675639449
MMP0123,-2.311352929811528,0.00026431065259546434,12,2,-0.1047397112751523,2.206613218536377,0.02159812675639449
MMP0076,1.2553920700242098,0.00030241749250579415,12,2,0.5966971489821021,-0.6586949210421085,0.02159812675639449
MMP0058,0.8688671887980254,0.0003241357075525667,12,2,0.9436607697457507,0.07479358094772508,0.02159812675639449
MMP1371,1.4612062175762675,0.00034612382622427063,12,2,-0.2277217330149146,-1.6889279505911825,0.02159812675639449
MMP0295,-1.6820521886155597,0.00044063047805917646,10,2,-0.7416544011195194,1.2041287408856909,0.024995765300811466
MMP0126,-2.2190229320190293,0.0005549270394787307,11,2,-1.770335366220035,0.5044074192367505,0.025336526765769578
MMP1207,1.2099151359790175,0.0005580928216059487,12,2,-0.011606575010005457,-1.2215217109890235,0.025336526765769578
MMP1071,2.176567629518891,0.0006045036230059235,6,2,1.3309436643054449,0.32899405397445664,0.025336526765769578
MMP1359,-1.1043362036908593,0.0006090511241771534,8,2,-0.10164020394859619,1.0689168625896392,0.025336526765769578
MMP1347,0.9574550803718382,0.0008132594819205048,12,2,0.5691510757261962,-0.3883040046456426,0.03171711979489969
MMP0975,2.21535034506074,0.0009019818463912668,11,2,1.2075080041129205,-0.9178775378106762,0.0331080395381265
MMP1045,0.7465361006246324,0.001039415381900693,12,2,-0.07552037540518448,-0.8220564760298171,0.03603306657255736
MMP1567,0.9452051596860214,0.0011823025787441597,12,2,0.7191048620324235,-0.22610029765359826,0.03661774430519375
MMP0153,-1.8340360269975373,0.0011835153355668553,10,2,-0.18191926957510937,1.6521167574224271,0.03661774430519375
MMP1566,1.3027980509210617,0.0012323279333478665,12,2,0.44355586367933225,-0.8592421872417297,0.03661774430519375
MMP0540,-1.176244517289978,0.0013839877412284531,12,2,-0.8816813485300682,0.29456316875991045,0.03925492502393431
MMP1720,-1.8636701729736662,0.001547631841365318,11,2,0.14899087987920617,1.9524586836667506,0.041987924739650365
MMP1223,-1.7862729965867044,0.0018273110549066425,9,2,0.6345740030399816,2.302139495180625,0.047174744619744274
MMP0176,0.7828076481318438,0.0018900138068807804,12,2,0.3252598068479842,-0.45754784128386,0.047174744619744274
MMP0297,0.7479967958530882,0.002312003452435144,12,2,-0.1020551327963267,-0.8500519286494153,0.053101174590609354
MMP1299,1.1101698219927205,0.0023639213673650743,12,2,1.0437753812530697,-0.06639444073965171,0.053101174590609354
MMP0039,-1.352141118793375,0.002382745013681189,7,2,0.3336608518655601,1.6138521279624474,0.053101174590609354
MMP1560,0.9978467857515219,0.0025697104758568255,11,2,0.32939305248006223,-0.7208963544265236,0.05529308058395376
MMP0542,-1.308730928306651,0.0029617894068486497,12,2,0.6062432448009805,1.914974173107632,0.06129035577096331
MMP1021,1.768442136062915,0.0030448734437497796,11,2,1.222630755166203,-0.5689435285916733,0.06129035577096331
MMP1515,0.6378355197357861,0.0035730168388712446,12,2,-0.14470595554212948,-0.7825414752779158,0.06601308073130183
MMP0091,-1.6652528372267554,0.0036517172811459894,11,2,0.1525658809622,1.981441409781168,0.06601308073130183
MMP0952,1.4089232605363065,0.003744900132515839,12,2,0.30108012275236856,-1.1078431377839386,0.06601308073130183
MMP1505,0.9462315686691125,0.0037540435280901843,12,2,-0.506893190584672,-1.4531247592537848,0.06601308073130183
MMP1634,-2.1470879101474853,0.003998489324787092,11,2,0.5180453584414261,2.7246562235149723,0.06601308073130183
MMP1189,1.9974101147381746,0.00402496627421573,11,2,0.48588898835463956,-1.4597778880756804,0.06601308073130183
MMP0687,-1.018705480709419,0.0040951925356796925,12,2,-0.07266381852127474,0.9460416621881448,0.06601308073130183
MMP1085,-2.443087485355778,0.004149767501991211,6,2,-1.2802265659119683,0.7453693311960308,0.06601308073130183
MMP1298,0.8207403222033576,0.0042316077391860146,12,2,1.2166170302658366,0.39587670806247827,0.06601308073130183
MMP1565,0.9875757438834233,0.0044491521455420424,10,2,0.34413123391331385,-0.643444509970109,0.06708859063403379
MMP0311,1.684934232875421,0.004515578215752274,8,2,1.6842242159070548,-0.22937593483324825,0.06708859063403379
MMP1621,1.4364097765981017,0.005560522103002292,6,2,-0.23277862676682276,-1.4399073622710046,0.07947523957326477
MMP0040,-2.2316163393931845,0.005604023303243028,10,2,0.3956717617192897,2.7818795381797865,0.07947523957326477
MMP1524,-1.4516490595495468,0.006397714876824365,11,2,-1.1908741361196846,0.2946218796544591,0.08871497962529787
MMP1545,1.0701838228197236,0.0068037306754569855,12,2,-0.11183135512628006,-1.1820151779460042,0.09229408568445997
MMP0370,-1.4100782731623727,0.0072362413772765624,8,2,-0.7645455098643444,0.6455327632980279,0.09607265147703352
MMP1321,0.7496891319456809,0.007397212886043083,12,2,-0.09403482135388197,-0.8437239532995631,0.09616376751856007
MMP0836,-1.0168498239161683,0.00793883249221987,12,2,0.30293156534264476,1.3197813892588135,0.1010986015335755
MMP1222,0.8006444306654831,0.008656443884147162,12,2,0.46347729251986486,-0.33716713814561844,0.10803241967415657
MMP1038,0.7464709827320962,0.009037055693310661,12,2,-0.43058630345634263,-1.177057286188439,0.11057103436521279
MMP0432,-1.3660336553432524,0.009305443861666738,7,2,-1.6689209536091196,-0.22630810127844708,0.11166532634000086
MMP1439,-1.7611235682702029,0.009507593609275146,12,2,-0.07605751889037678,1.6850660493798273,0.11193846060731492
MMP0567,1.5058839429197743,0.009991565108612287,11,2,0.22173889806908473,-1.2745510380637188,0.11366080792341024
MMP0281,-1.4325533181361565,0.010182999946256483,12,2,0.46057464576281,1.8931279638989675,0.11366080792341024
MMP1434,0.6580814662302797,0.010200328916203483,11,2,-0.5185045270843378,-1.1234026045964647,0.11366080792341024
MMP1366,0.6596791541555924,0.010841896469408039,12,2,-0.41645366060837424,-1.076132814763967,0.11494196484433576
MMP1712,-0.7785840172350332,0.010993220474327221,12,2,-0.3780945214409019,0.4004894957941317,0.11494196484433576
MMP0684,1.7017812688192637,0.011398390565318477,12,2,0.21971148301331414,-1.4820697858059508,0.11494196484433576
MMP1433,0.9651972571617374,0.011610107089967518,12,2,-0.08821572292218428,-1.0534129800839223,0.11494196484433576
MMP1302,1.0686065313011228,0.011699541473785859,12,2,1.5602113513902918,0.4916048200891683,0.11494196484433576
MMP0980,0.914374492494225,0.01175348247993591,12,2,-0.1812865732965887,-1.0956610657908143,0.11494196484433576
MMP0808,-2.469772341377198,0.01180884710086392,7,2,-0.10343165675600925,2.537261426088294,0.11494196484433576
MMP1248,0.6382528298857068,0.011962398971496457,12,2,0.449741179481411,-0.18851165040429607,0.11494196484433576
MMP1419,0.7287379893724228,0.011973121337951642,12,2,-0.13846453522100205,-0.8672025245934251,0.11494196484433576
MMP1652,2.960983906621036,0.012625285570387878,7,2,2.0599509198197428,0.15571744497967946,0.11936633630184902
MMP0082,-1.1345502194340862,0.013827138800840064,12,2,-0.3918866218162416,0.7426635976178454,0.12642297113720657
MMP0340,-1.0227111632585717,0.013854465798632136,12,2,-0.83116095256308,0.19155021069549252,0.12642297113720657
MMP0357,3.4821995027567296,0.013979463154594956,7,2,2.4736385735196267,-0.9056739428915253,0.12642297113720657
MMP1325,0.9122310418763582,0.015057343993037405,12,2,-0.2161294529690542,-1.1283604948454127,0.13422546645221914
MMP1421,0.7549505583647012,0.015331656601909851,12,2,-0.20178537944265687,-0.9567359378073582,0.13474582703650348
MMP1381,-1.4036058369551359,0.0162319041244117,10,2,-0.8448941607452085,0.5587116762099266,0.13784785289694984
MMP0866,1.1444436960567308,0.016333399882979636,12,2,-0.06439418390525233,-1.2088378799619834,0.13784785289694984
MMP0657,0.8532412868634194,0.016465744523189302,12,2,0.19277327892498355,-0.6604680079384363,0.13784785289694984
MMP1032,-0.6274964575160806,0.016568251550114165,12,2,-0.45331975822893117,0.17417669928714985,0.13784785289694984
MMP0245,-1.0520045404540599,0.01728367906135304,12,2,-0.5125271577147266,0.5394773827393337,0.139760928856088
MMP1136,0.6317843266186618,0.017436630861695435,12,2,0.861835938353753,0.230051611735091,0.139760928856088
MMP1411,0.6569873894199829,0.017470116107011,12,2,-0.25887192976351986,-0.9158593191835029,0.139760928856088
MMP0261,-1.5959449857959973,0.018085213855359064,11,2,-1.1926230283085149,0.40113155004347273,0.14191083503264146
MMP0290,0.7354255078122837,0.018542413502541297,12,2,0.03390905179032889,-0.7015164560219551,0.14191083503264146
MMP1444,2.375946283142962,0.018632960170502085,6,2,0.8207882736568389,-1.3457893457069117,0.14191083503264146
MMP1462,-1.0828664434693689,0.018648539219033013,12,2,0.2861575934199063,1.3690240368892759,0.14191083503264146
MMP1315,-0.9218669082305566,0.019888892995613885,9,2,-0.8610146055544315,-0.07527332398249417,0.14734153289411772
MMP0258,0.9010096764366956,0.019973065245362236,12,2,-0.546533282638876,-1.447542959075572,0.14734153289411772
MMP0667,0.748489264143562,0.02017085876211313,12,2,0.1085252601121665,-0.639964004031396,0.14734153289411772
MMP1679,-1.1734462891658917,0.020306685623227766,10,2,-0.9154503768276392,0.4201581032297942,0.14734153289411772
MMP0927,-1.650824129691478,0.020576532498309173,8,2,0.2855407299698864,1.560362761802093,0.14758340550511406
MMP1537,-0.6086597361612951,0.02145740337629772,10,2,0.40534968710788394,1.014009423269179,0.151047027258507
MMP1711,-0.598499880554029,0.021742156414607913,12,2,-0.2502782846860364,0.34822159586799284,0.151047027258507
MMP0250,0.5691720313534621,0.021976954715831786,11,2,-0.18786684935608658,-0.6307948390540992,0.151047027258507
MMP0961,-1.1715030025743554,0.022027691475198938,12,2,1.2472757001719625,2.418778702746318,0.151047027258507
MMP1310,1.1417431719568472,0.022315218445806684,12,2,0.05609198875437441,-1.0856511832024733,0.1513553946759062
MMP1274,1.4616058608677673,0.02260963130865054,12,2,-0.45952347599858445,-1.9211293368663525,0.15170333265159072
MMP1697,1.3993612431010134,0.02343409930121864,12,2,-0.7735026184267921,-2.1728638615278064,0.15556253153149396
MMP0045,-0.9966727304990337,0.02417194172602579,12,2,-0.8076638154827821,0.18900891501625208,0.1564584838825075
MMP1451,1.280900089042034,0.024751990020364108,5,2,-1.1062891160723887,-0.5471119204168523,0.1564584838825075
MMP0736,0.5088200956915611,0.025062304406230092,12,2,0.31624457450141213,-0.19257552119014912,0.1564584838825075
MMP1547,0.804675250595353,0.02523691061805959,12,2,-0.20616105758858358,-1.010836308183937,0.1564584838825075
MMP0829,0.9614548784013742,0.025530380565907958,9,2,-0.08919582907317622,-1.0210519065788948,0.1564584838825075
MMP0823,0.7140131572361865,0.025599092888788127,12,2,1.0904237964298347,0.3764106391936479,0.1564584838825075
MMP0526,-1.0100673450753266,0.025827042774719585,5,2,-1.2097149860749257,-0.5676996542416256,0.1564584838825075
MMP0325,-0.69204764510012,0.02596919259990045,12,2,0.011109419820218902,0.703157064920339,0.1564584838825075
MMP0023,-2.687040727742842,0.026259939594752427,7,2,-0.43832345640035747,1.8419065769406917,0.1564584838825075
MMP1188,0.5159065109762003,0.026510352297516988,12,2,-0.5254618665209566,-1.0413683774971572,0.1564584838825075
MMP0654,-0.5451583365517497,0.02734999673536363,12,2,-1.1120036563883406,-0.5668453198365905,0.1564584838825075
MMP1509,0.6012213842021338,0.02751305413163519,12,2,0.12485421620827246,-0.4763671679938617,0.1564584838825075
MMP0447,0.7838303780470358,0.027709873013463338,11,2,-0.515086555707724,-1.1770572869336746,0.1564584838825075
MMP0627,0.6527731836977693,0.027871606519065905,11,2,-0.10424756149352984,-0.811616440485979,0.1564584838825075
MMP0602,-1.8544906516530018,0.02795219692557376,7,2,-0.36716804639213957,1.3971673413092607,0.1564584838825075
MMP0603,1.2843550666761918,0.027962075240640347,11,2,0.46911339786092965,-0.8213811891877134,0.1564584838825075
MMP1404,0.6863062541496029,0.028170640485003083,12,2,0.04163143678110783,-0.6446748173684954,0.1564584838825075
MMP1646,-1.3272381304687222,0.028225404684162014,7,2,-0.8654161587016557,0.4603736591743538,0.1564584838825075
MMP0457,1.021660089883441,0.028546642159313025,12,2,-0.053488389351792225,-1.0751484792352335,0.1564584838825075
MMP0593,-0.7517699806754822,0.028673323812797972,11,2,-0.38475740745957393,0.2954420896898019,0.1564584838825075
MMP1358,-2.0707723280301797,0.028834496228346735,10,2,-1.1541225442720964,0.9166497837580835,0.1564584838825075
MMP0156,0.7013899164752092,0.02986812719152587,12,2,-0.02967800969917102,-0.7310679261743807,0.15949231820326257
MMP1403,1.2310699611503855,0.02990480966311173,12,2,0.11822769986463681,-1.1128422612857491,0.15949231820326257
MMP1134,0.9539188610339546,0.031560544029279713,10,2,1.5035426651289119,0.5496238040949578,0.16589426726913822
MMP1410,0.9324506969863636,0.03163688750805681,12,2,-0.5446611976125718,-1.4771118945989359,0.16589426726913822
MMP0259,0.9074908042965112,0.03344762914023887,12,2,-0.00011908071580664832,-0.9076098850123181,0.173145618572539
MMP0224,-1.277225571400667,0.03357471129371349,9,2,-0.49556235330790094,0.7120444268823911,0.173145618572539
MMP0059,-0.9214236617617173,0.03668505754934248,12,2,-0.6276014768174452,0.29382218494427254,0.18429300070256513
MMP1063,-0.47536176046613415,0.03682067876599998,12,2,-0.23031305380859746,0.2450487066575369,0.18429300070256513
MMP1616,-0.8127455411431089,0.037039283896638034,12,2,-0.8157371414726162,-0.002991600329506553,0.18429300070256513
MMP1300,-2.300393470900896,0.037144342440444775,7,2,0.7092792133881801,2.7675663907028007,0.18429300070256513
MMP1218,-0.539118184772235,0.03752874903113519,12,2,-0.16989632863075776,0.36922185614147746,0.18429300070256513
MMP1513,-2.7240582490684515,0.037645433734164464,9,2,0.529936148421615,3.2961211890444964,0.18429300070256513
MMP1609,0.527904862815649,0.03780369245180823,12,2,0.2599928317721006,-0.26791203104354855,0.18429300070256513
MMP1151,0.5595210642618641,0.038780807228358485,10,2,-0.7543995541849323,-1.1902988017617273,0.1865609381374706
MMP1432,-0.8277902968782038,0.038866862111973044,12,2,-0.46106722692361024,0.3667230699545938,0.1865609381374706
MMP1492,3.456787971201708,0.03998702745722648,6,2,1.9482270438791673,-1.2412883226658085,0.18906800695216822
MMP1418,0.6344967979704114,0.04027103246881975,12,2,-0.28714464184580024,-0.9216414398162119,0.18906800695216822
MMP1704,-1.049024949481244,0.0402981489176897,9,2,-0.864975804138675,-0.14776723050415952,0.18906800695216822
MMP0344,0.6064657352760938,0.0407415026933375,11,2,0.5553998253416614,-0.056241826578300645,0.18972162448240745
MMP0422,-1.0787621789916477,0.04180767719198712,9,2,-0.49226977175694275,0.5496238044677464,0.19293581383313813
MMP1392,-0.8056758932412814,0.0423350954944301,12,2,0.17920571317022096,0.9848816064115026,0.19293581383313813
MMP0260,0.4189543243933146,0.042693080586458564,12,2,-0.24117715574741375,-0.6601314801407286,0.19293581383313813
MMP0633,1.1466666007122857,0.04290330486326179,12,2,0.9312579687051166,-0.21540863200716945,0.19293581383313813
MMP0923,-1.039910571032089,0.04297768929936891,12,2,0.001205105167685171,1.0411156761997746,0.19293581383313813
MMP1328,-2.066877365063717,0.04439103859862422,8,2,0.01257208637193541,1.251842700791435,0.19695131526441143
MMP0929,-0.9683715119385975,0.04450342219916989,7,2,-0.6942466124757637,0.23333090483285546,0.19695131526441143
MMP1369,0.38141360194448043,0.044846783424358376,12,2,-0.09295467942885195,-0.4743682813733325,0.19707318913239175
MMP0453,-1.1248780394058822,0.04538481569598533,4,2,-0.3781604053205195,0.8989853972441455,0.1978625737492808
MMP1564,0.6130126975511844,0.045660593942141725,12,2,0.32052683213374283,-0.29248586541744176,0.1978625737492808
MMP0177,-1.6535854301788173,0.04748828107684907,6,2,-0.42442848663442384,1.68926451888716,0.20329247470463452
MMP1365,0.6813413399976034,0.04756522645332795,12,2,-0.561901878249316,-1.2432432182469197,0.20329247470463452
MMP0713,1.0336730168682458,0.04813388186190937,10,2,-0.446144165062422,-1.4798171819306674,0.2043234168832071
MMP1161,-2.390773044741756,0.048536129968707896,7,2,-1.3575287212176919,0.7216719075639094,0.20463881824644412
MMP0331,1.5776361182333438,0.048947408235146095,10,2,-0.34632853695821353,-1.6653257331973101,0.20471278273932078
MMP1436,0.3353473957319992,0.04920980354310596,12,2,0.07376024708792336,-0.2615871486440759,0.20471278273932078
MMP1122,0.8133113331418489,0.04985983287784992,12,2,-0.4865735517273406,-1.29988488486919,0.20604328288594934
MMP0981,0.685684470567364,0.05180487757372226,12,2,0.06248992107145406,-0.6231945494959102,0.21267265530264928
MMP0669,0.7577710770583067,0.054084390823525945,12,2,-0.10377207617465466,-0.8615431532329617,0.22057947629987054
MMP0641,0.6096538798837957,0.05537532898841595,12,2,-0.3651805293795252,-0.9748344092633211,0.22321445131353104
MMP1255,-1.432785321731147,0.05544589736153416,7,2,-1.0026957088476487,0.4614153272313335,0.22321445131353104
MMP1550,-0.683973255532034,0.05826885070478429,12,2,-0.15874524298951276,0.5252280125425216,0.23307540281913716
MMP1167,-0.845481637137156,0.05979608528760749,9,2,0.28494653092727756,1.072920930982046,0.23766087400934444
MMP1707,-0.2519609016316647,0.06034465287000043,12,2,-0.4279471441887733,-0.1759862425571086,0.23832318601822955
MMP1722,-1.0062001568065209,0.06143176719995934,5,2,-0.030112776509730266,0.8265909269353054,0.2399790174657387
MMP1314,-1.2349939552639975,0.06153308140147145,12,2,-0.5281638877667757,0.7068300674972221,0.2399790174657387
MMP1146,1.4953384179650997,0.06198784242059684,10,2,0.16842014566175653,-1.3612200148527727,0.24025101658666104
MMP0818,-2.5191656995719534,0.06441340192665299,9,2,0.42381892334718524,3.1872591453045813,0.24811088149525592
MMP1681,1.4194606048721903,0.0658448768239961,10,2,0.17164870785114847,-1.2478118970210412,0.25144942352297245
MMP1247,0.6579447970956658,0.06608606643872994,12,2,0.7523457259363268,0.09440092884066098,0.25144942352297245
MMP0345,-0.5498124327761387,0.06745943295822894,11,2,-0.4063942581169776,-0.014177299959907038,0.2551193100965749
MMP1174,-0.7907322386057776,0.06869258581760587,12,2,0.8026680354277663,1.5934002740335442,0.25598034060585295
MMP1149,1.028635703824033,0.06879687122175522,12,2,0.409705796631511,-0.6189299071925225,0.25598034060585295
MMP0716,0.7370386929462344,0.0689177840092681,9,2,-0.003291870470796443,-0.8033080960127135,0.25598034060585295
MMP0087,-0.3556827004411079,0.06934141469474894,11,2,0.10034677009323519,0.5024119789365137,0.2560298388729192
MMP1033,-1.2689404953216388,0.0704394332000543,11,2,-0.23186242384648476,1.1418288570063797,0.25709907827029266
MMP1579,1.2448981524104317,0.07064352339728175,12,2,0.12949913542562408,-1.115399016984808,0.25709907827029266
MMP1245,0.4556783835432463,0.0708670536257858,12,2,0.7376276144210365,0.28194923087778984,0.25709907827029266
MMP1031,0.4097648668408023,0.07171842765006867,12,2,0.00859955153433479,-0.40116531530646776,0.2586838084025598
MMP1464,1.051514105935126,0.07297286668577223,5,2,0.3387639135480687,-0.6326635773422764,0.2616957977696659
MMP1415,0.5476964705149091,0.07377757700425837,12,2,-0.3954928545625644,-0.9431893250774736,0.26302679211258134
MMP1543,0.6708527695908172,0.07455763272850363,12,2,-0.09659454500053742,-0.7674473145913548,0.26302679211258134
MMP1437,0.8163565833488993,0.07460856122424182,11,2,-0.5285020375330607,-1.4321430737927698,0.26302679211258134
MMP1675,-1.5101440854869095,0.07513624383509286,7,2,0.4381096912237963,1.628538558587162,0.26339896715223565
MMP1362,0.3990469642290408,0.07752899231440598,12,2,-0.04541156294179494,-0.4444585271708359,0.27026866594519183
MMP0550,-1.1141408495120415,0.07919999142401771,11,2,-0.975990826674552,0.31406397133021596,0.27406263457947666
MMP1422,-0.9126358192911046,0.07949573214564949,7,2,0.832727938503977,1.7345972119700228,0.27406263457947666
MMP0868,1.4289458289878842,0.08011255992693772,11,2,0.10076488235416685,-1.5199210286224525,0.27467163403521505
MMP0154,-1.292148197251204,0.08077355850228703,11,2,-0.7917801838329328,0.41664978401239905,0.27542459292583116
MMP0966,0.8284653388402536,0.08241933101800125,12,2,0.3902346198724848,-0.4382307189677693,0.2795090356262651
MMP1408,0.35511767600255645,0.08603097126536235,12,2,-0.0669694530967507,-0.42208712909930735,0.29018014091668165
MMP1044,0.5970864750424509,0.08724529130038591,12,2,0.25462836340999945,-0.3424581116324517,0.29233064958661825
MMP0137,-0.7609248823311408,0.08760549915496411,8,2,-0.3084800520784032,0.5901547051064193,0.29233064958661825
MMP0386,0.6504758066863568,0.08848829400493478,12,2,0.9955142435445415,0.34503843685818447,0.2937058269099963
MMP1562,1.1277594167057061,0.09057668766371,11,2,0.707358747060824,-0.4246284243742431,0.2987534005842242
MMP1615,-0.5067040186369579,0.0909665803060939,11,2,0.5872475760222641,1.0584879070945648,0.2987534005842242
MMP1135,1.7146261538916987,0.09225655985790743,7,2,1.566077346706109,-0.14763461013655318,0.3014036301116975
MMP1637,0.5563753756704077,0.09383313571796915,12,2,0.5600172766839433,0.003641901013535296,0.30495769108339976
MMP1470,-0.6466003366923565,0.09914903141805691,12,2,-0.6324568026762636,0.014143534016093418,0.320564744066671
MMP1658,0.43236290455275883,0.1001342156649966,12,2,-0.2367105646879414,-0.6690734692407004,0.3220811885307107
MMP0181,-0.628934771609447,0.10123226187918215,10,2,0.2481750164080679,0.8771097880175146,0.3239432380133829
MMP0577,0.8503079657030799,0.10239697516074812,10,2,-0.3865869712216332,-0.9344440404275836,0.3256036722779796
MMP1324,0.6914539306018535,0.10281271796873308,12,2,-0.3944944993104131,-1.0859484299122666,0.3256036722779796
MMP1368,0.3676440158878637,0.10331654985743582,12,2,-0.5065145297218913,-0.874158545609755,0.3256036722779796
MMP0025,0.6960850393952274,0.10560748876931536,12,2,-0.20129359607663067,-0.8973786354718584,0.33072404294173763
MMP1266,0.9692578628119144,0.1060012958146595,9,2,-0.40165286296666586,-1.2900692707716772,0.33072404294173763
MMP1364,0.8789381913488508,0.10720309333654625,12,2,0.15858769199912184,-0.7203504993497294,0.332809603194054
MMP1039,0.2602857460038402,0.10827390302157706,12,2,-0.32495103322344226,-0.5852367792272825,0.3344698786409113
MMP0658,-0.49903411374894485,0.11185574345537493,12,2,0.38352645668858143,0.8825605704375264,0.33949825880595547
MMP1069,-0.9007802647087422,0.11192253781609338,7,2,-0.2153898816656594,1.0951956493610544,0.33949825880595547
MMP1137,0.7663749572848949,0.11288019585958356,11,2,1.0077540560824192,0.11563880378126308,0.33949825880595547
MMP0034,-1.1432282261897182,0.11365402685130503,8,2,-0.43888696106301983,1.110760489387861,0.33949825880595547
MMP1510,0.9608422879605293,0.11388040796542431,12,2,-0.0019225854014282746,-0.9627648733619579,0.33949825880595547
MMP0253,-0.7773898141920769,0.11409658231147284,12,2,-0.7186859985765178,0.0587038156155593,0.33949825880595547
MMP0251,-0.47299904184707053,0.11416788859852632,12,2,-0.44799986860246305,0.024999173244607733,0.33949825880595547
MMP0411,2.598219901481515,0.11473149888780663,4,2,3.2388663911002205,0.22413928578207912,0.33949825880595547
MMP0580,2.1819678664514406,0.11479828943598815,4,2,0.5217054826160038,-1.2559684478952167,0.33949825880595547
MMP0694,-0.8513786885816372,0.11695502152529229,12,2,-0.798799666555244,0.052579022026393564,0.34424496901784146
MMP0317,0.42414302546961197,0.11767975658367916,12,2,0.011326078691551703,-0.41281694677806047,0.34475196294936994
MMP1168,0.6151711244775552,0.11925776240997403,12,2,0.20070780501808852,-0.4144633194594669,0.34689674441160884
MMP0387,-1.9601142489506407,0.11952371802643574,9,2,-2.064354371976597,-0.05396057791532268,0.34689674441160884
MMP0116,-1.0774266970619828,0.12119403245734321,12,2,0.13454992246879716,1.2119766195307804,0.35011609376565817
MMP0382,1.3336300142680442,0.12460426388944466,8,2,0.053143083215885345,-1.6091177257536575,0.3583090353318593
MMP0081,-0.7080809531827139,0.12800686940788814,12,2,-0.09806366713872354,0.6100172860439906,0.3652485759189158
MMP1148,-0.9363426940929996,0.1281882021253887,11,2,-0.6647347175283256,0.3006508147694294,0.3652485759189158
MMP1523,-0.3914693646913995,0.12935196603546095,9,2,-0.3118426627606764,0.06229999091154201,0.3668892127551256
MMP1113,0.5119966944066824,0.13259631552242276,11,2,-0.1327313677116329,-0.6219552940543427,0.37438959676919364
MMP1050,-0.5028141645789911,0.13404712233839872,12,2,-0.4606798579348892,0.04213430664410214,0.3747245250988551
MMP0720,1.4435581198065424,0.13432373071415923,6,2,0.8125770606438751,-0.6088751218911723,0.3747245250988551
MMP1507,0.4058467430194862,0.13460157976764667,12,2,-0.729287416226561,-1.1351341592460473,0.3747245250988551
MMP0738,3.6168038106899183,0.1351170162616064,5,2,1.4229661880775892,-0.4991690477230331,0.3747245250988551
MMP1157,-1.3257145481617183,0.13795197292989453,6,2,-0.009933336873512943,0.7108694450460615,0.38089394295687695
MMP0902,-1.1937296983170183,0.1393315107716594,6,2,-0.6966819333720798,0.848165239162417,0.383008205821654
MMP0983,0.4610881383325915,0.14140527185950685,12,2,-0.06528708219444863,-0.5263752205270406,0.3870039019312819
MMP0063,-1.9111636341948048,0.14276678596046474,5,2,0.23320879393913874,2.221671907755329,0.38902390584860264
MMP0358,-1.1929439178399504,0.14418259773679526,8,2,-0.3130757164886402,1.3816326488932305,0.3895938318620494
MMP0267,1.7710341754472492,0.14422463967970098,6,2,0.76902443045995,-0.6859771042506756,0.3895938318620494
MMP1261,-1.1752804410333246,0.1462555069604318,9,2,-1.3974548244878384,-0.30558750472347734,0.3908563590976446
MMP0212,0.5454870783550159,0.14676813728059682,12,2,-0.18256796619871482,-0.7280550445537309,0.3908563590976446
MMP0553,-0.714066588789435,0.14709351117746497,11,2,0.11491840901392547,0.8191560336524276,0.3908563590976446
MMP1120,-1.0566320964010119,0.14719750703196552,7,2,-0.20257888795344797,0.2939545142997645,0.3908563590976446
MMP0351,1.4019925282563759,0.14894187540907325,5,2,0.7931174063652026,0.9104371821057379,0.39381241633585473
MMP1558,0.45097763833763654,0.15159162434085321,12,2,0.47092966394119706,0.01995202560356041,0.3991273147202211
MMP1349,-0.8544329059916314,0.1573911687165294,9,2,-0.3279892239225032,0.6190946439416956,0.4126558373072031
MMP1360,0.9535159847948715,0.16087775390931822,11,2,0.5423872022073722,-0.482069787219279,0.4189885543379372
MMP1158,0.8621250244125903,0.1611494439761297,12,2,1.1121081419157766,0.24998311750318583,0.4189885543379372
MMP0821,-0.7258357713995319,0.16224196835641103,12,2,0.7053911527011242,1.4312269241006563,0.4200787894373464
MMP1406,0.5535846860780528,0.16520968426559712,12,2,0.23384903171785312,-0.3197356543601999,0.42599521893277936
MMP1420,0.4831527529553496,0.16593938953595314,12,2,-0.1056010425691898,-0.5887537955245395,0.4261159632528179
MMP1013,-0.6864424394471998,0.1669000068073441,12,2,0.26306134638590645,0.9495037858331067,0.42650036861238094
MMP0985,0.817659295257634,0.16901390461003626,12,2,-0.1392581494039976,-0.9569174446616322,0.42650036861238094
MMP0704,-0.5801556889652563,0.1694006009372405,12,2,0.25877442733570505,0.8389301163009614,0.42650036861238094
MMP1043,0.6610950921341973,0.16957089699520667,12,2,-0.45067612423699216,-1.1117712163711897,0.42650036861238094
MMP0431,-1.1707097490902107,0.1702296308567645,7,2,0.028874270202333546,1.085793453047107,0.42650036861238094
MMP0038,-3.422744398659627,0.1705989589951678,5,2,-1.2749274914094972,1.6359509920292838,0.42650036861238094
MMP1337,-0.4835582134505043,0.1708735451171398,4,2,-0.5040133698539597,-0.020455156403455105,0.42650036861238094
MMP0108,-0.45623613808971014,0.17293035521647337,12,2,0.32958246093430926,0.7858185990240196,0.42830328293949277
MMP0640,0.7649525088357595,0.17360817000443782,12,2,-0.05343759531591822,-0.818390104151678,0.42830328293949277
MMP1070,-0.539614066673979,0.17365501696104435,12,2,-0.13165388643655587,0.40796018023742336,0.42830328293949277
MMP0103,0.5698867523829949,0.17624746111592668,12,2,-0.38501543662286614,-0.9549021890058613,0.4325970264752027
MMP1320,-0.31529511532888455,0.1767824387038088,12,2,-0.18361193335089557,0.13168318197798912,0.4325970264752027
MMP1424,-0.5196614117658079,0.18031038792743892,12,2,0.505667821558123,1.0253292333239312,0.43950657057313236
MMP1666,-0.666289709602273,0.18212242627743475,11,2,-1.0092114779171624,-0.1872758308590829,0.4420630011792252
MMP1373,-0.3228486464112436,0.1833094975174443,12,2,-0.11853919636849657,0.20430945004274723,0.4420630011792252
MMP1029,-0.47993440551279093,0.18348448286124894,10,2,-0.6663701772764641,-0.20135369677483933,0.4420630011792252
MMP0164,0.6836530189219031,0.1846838702963192,12,2,0.288772430309766,-0.39488058861213754,0.4427104198391527
MMP1270,-0.9979626258794778,0.1851721467596456,8,2,0.5586686109459014,2.0023591507062948,0.4427104198391527
MMP0638,-0.9817992759235658,0.18905271213119737,8,2,1.1587096155874803,2.1405088915110455,0.4502629479765922
MMP0765,-0.6312507071985948,0.19000854673375692,12,2,0.5526014441828063,1.1838521513814013,0.4508187572694461
MMP1367,0.5042103556979582,0.19298835908422077,11,2,-0.09030536888730359,-0.6604680086161606,0.45600998178414726
MMP1153,-0.47629076025088224,0.19365808521281894,11,2,-0.44128819030672245,0.029046922702458632,0.45600998178414726
MMP1177,1.0346818663954467,0.1950788459267038,10,2,0.19202895773575093,-0.8426529086596964,0.4576285708957262
MMP1466,-0.5562315752200997,0.19617350148968593,11,2,0.3628543628828606,0.7970010180098609,0.4584729023579177
MMP0618,-0.6267737401318866,0.19749436610858512,11,2,0.7740365648837497,1.4914348259445807,0.45983762855133253
MMP1611,-0.840944534054267,0.20150498761929128,12,2,-0.4643471387365381,0.3765973953177291,0.4674316441428913
MMP1286,-0.5253855061295412,0.2029002274541206,12,2,-0.39635924887431173,0.12902625725522968,0.46767148114853924
MMP1409,-0.5343117146060755,0.20329077418960867,12,2,-0.2638524723413632,0.2704592422647127,0.46767148114853924
MMP1217,1.3713177826602407,0.2038567994750043,7,2,1.9438413944219346,0.4845437220486679,0.46767148114853924
MMP1036,-0.35358680781222646,0.20523676081999231,12,2,0.1954491038318721,0.5490359116440987,0.46787006983216406
MMP0020,-0.6091907800356533,0.2060177153433114,10,2,-0.2591648181661696,0.4846926781049026,0.46787006983216406
MMP1680,1.5307887832485705,0.20619273910872615,5,2,0.8606168378677004,0.603560079634646,0.46787006983216406
MMP1691,0.968874803816029,0.2075706391528135,11,2,-0.46172684259452734,-1.5396589428600849,0.46791952359296896
MMP1317,1.058662162269975,0.20804177693899292,8,2,0.6081611103562216,0.14064649017790243,0.46791952359296896
MMP1533,-0.3478090420978625,0.2084641467289189,11,2,-0.5964178237265233,-0.3271346745807682,0.46791952359296896
MMP1370,0.18396349669089426,0.2095971035597371,12,2,-0.2049703582392877,-0.3889338549301821,0.46877631763898187
MMP0989,0.754313102286582,0.21657992256832675,11,2,-1.1557108950140145,-1.8612897757605773,0.4826638274379853
MMP1696,1.0264682259393723,0.2206096129849203,10,2,-0.9788901260946795,-2.005358352034052,0.4890165763749744
MMP1671,0.6679501643055796,0.22099787586176728,11,2,0.03212253969503074,-0.8642000779146096,0.4890165763749744
MMP1054,0.5053549069525171,0.2242041019309714,12,2,0.5326144880476388,0.027259581095121433,0.4895235487351094
MMP1138,0.918752900369309,0.22522574609848,7,2,0.6595959930204488,-0.45329151020989217,0.4895235487351094
MMP1559,0.44312966320000097,0.22533649429848224,12,2,0.5015441677306754,0.05841450453067424,0.4895235487351094
MMP1520,-0.7711271580280588,0.2258144406238894,11,2,-0.11579476014253891,0.5496238036303237,0.4895235487351094
MMP0596,0.3391479552052542,0.22668916748128065,12,2,0.023744835397422726,-0.31540311980783164,0.4895235487351094
MMP1647,0.5309234853035362,0.22672304085582676,12,2,-0.303369880052163,-0.8342933653556992,0.4895235487351094
MMP0500,1.2444333851280462,0.22693391734090398,10,2,0.9982031810447144,-0.2462302040833322,0.4895235487351094
MMP1212,-0.5054169389882827,0.22750293130317584,12,2,-0.6053452856096445,-0.0999283466213617,0.4895235487351094
MMP0203,1.2773892713329946,0.22892963268413435,6,2,0.8980682356596497,0.14064648905950722,0.48997145229744343
MMP0489,-0.5547441868385973,0.22936736239443964,11,2,0.7915463240443746,1.2573821371256921,0.48997145229744343
MMP0706,0.8253992728682656,0.23006672359479316,7,2,-0.02561056179629483,-0.8838589184991839,0.48997145229744343
MMP0282,-1.7916432376156988,0.23214108805641326,7,2,-2.887663725044211,-0.718346196906992,0.4917661487090255
MMP0822,0.39917387696734763,0.23248559914929892,12,2,1.1771966396833238,0.7780227627159763,0.4917661487090255
MMP0413,0.5416280041121503,0.2338823904926662,12,2,0.3419616854329037,-0.1996663186792469,0.4930493637412964
MMP1206,-0.5964885149610561,0.23617925142367754,12,2,-1.1990205123363895,-0.6025319973753331,0.4962149928901508
MMP1412,0.3904948852303794,0.23715101585520276,12,2,-0.03912755820103384,-0.42962244343141337,0.4965846774954581
MMP0257,0.4449100196579502,0.23962895464685516,12,2,0.5135079310450851,0.06859791138713466,0.5000952096977846
MMP0875,1.7054543131150515,0.2414367954875086,6,2,-0.9863153366549557,-3.1941610996882965,0.5021885346140179
MMP0686,-0.401508659013665,0.24634331379480792,12,2,0.10851813511346013,0.5100267941271254,0.5090046498987487
MMP0278,0.5468730193696718,0.24634519914971495,12,2,0.07653478757934845,-0.4703382317903236,0.5090046498987487
MMP1260,0.5844454485936962,0.25179813738749074,12,2,-0.7143489626914792,-1.2987944112851755,0.5178598820405753
MMP1502,0.6375363259930461,0.2522907117633572,12,2,-0.6906693931254283,-1.3282057191184746,0.5178598820405753
MMP0183,-0.45045617436627,0.25313121581765885,12,2,-0.0016988777338724133,0.44875729663239783,0.5178815694105545
MMP1527,0.2874944945198295,0.25698849998868967,12,2,-0.10440106197401611,-0.39189555649384583,0.5225458632004585
MMP1156,0.3287297538323063,0.25775692292956176,12,2,0.40023016832831443,0.07150041449600793,0.5225458632004585
MMP0584,0.5302534758263036,0.25795140988475873,12,2,0.20448888516785005,-0.3257645906584538,0.5225458632004585
MMP0163,0.1397209235845572,0.2588869576993674,12,2,-0.5788956130434068,-0.7186165366279639,0.5225458632004585
MMP0656,-1.4893593033239307,0.25989946423568194,6,2,-0.09241991815775019,1.4290425674407816,0.5225458632004585
MMP1091,-0.8449785853016409,0.26043551835792084,10,2,-0.1992317394497498,0.8236570346063138,0.5225458632004585
MMP0407,-0.5110132592399609,0.26238582239747016,12,2,0.1395601679365164,0.6505734271764777,0.5247716447949403
MMP0373,0.5553798888559973,0.26409938504444075,11,2,0.7765006131840396,0.07116031979402586,0.5251240294418348
MMP1323,-0.5697381700575903,0.26424510455887196,12,2,-0.36290810219909897,0.20683006785849165,0.5251240294418348
MMP1249,0.3279200499064712,0.26609830667050466,12,2,0.22543925892885222,-0.10248079097761903,0.527128074166333
MMP1094,-0.25552097101221327,0.26788878975626285,12,2,-0.5175148399419814,-0.2619938689297679,0.528995584835152
MMP1624,-0.8467264327645234,0.269559053277272,9,2,-0.06417468634152751,0.5879084906078464,0.5306146663880685
MMP0630,-0.7023657769991116,0.2752219994451169,6,2,1.3971049986183097,1.508573243798744,0.5400582630621161
MMP1289,0.3723371027726076,0.2795788517933735,12,2,-0.15357175113795044,-0.5259088539105582,0.5468877853262228
MMP0155,-0.9344969943557797,0.2821179828162925,4,2,-0.035511596337969645,1.113989726283263,0.5478925922215645
MMP0636,-0.48434081202350293,0.28269297739826155,10,2,1.0761540484502918,1.5425539027576354,0.5478925922215645
MMP0872,0.9680164875817026,0.28272662611433297,9,2,0.6097278857031682,-0.6995487193398505,0.5478925922215645
MMP0585,0.18390265077202186,0.28519721931915465,12,2,0.6809110506136693,0.4970083998416473,0.5509692410376238
MMP0214,0.47821486602245067,0.2866794703913439,10,2,0.1726273604060531,-0.30558750561639786,0.552123424457403
MMP1442,0.5317279284467396,0.2907357831331203,5,2,0.005518096954702141,-0.25915690776126715,0.5580958302729975
MMP0737,-1.1098665220029107,0.29156929594390574,7,2,-1.1397600615864714,-0.04231791924616627,0.5580958302729975
MMP1716,-0.35547252738812374,0.29380028695268545,12,2,-0.5246851057343107,-0.16921257834618672,0.5606464191390694
MMP0440,-0.7251181942058214,0.29522505235936247,9,2,-0.163215610739123,0.18078278791215385,0.5616476605861042
MMP1589,-0.5689507826347957,0.2983461010801371,12,2,-0.3911275665845466,0.1778232160502494,0.5658600822918102
MMP1152,-0.5895230215842977,0.3016060974777031,11,2,-0.9300700719170771,-0.31540312033936063,0.5703097115942023
MMP0715,-1.038507940864378,0.307866525323646,5,2,-1.0470688695514263,-0.08019784462628142,0.5793938096127955
MMP0151,-0.9335689138902827,0.3084147775978679,7,2,-0.6462012467858378,0.43085158696457954,0.5793938096127955
MMP1593,-0.5372144026437111,0.3091957349375976,10,2,-0.7385680986850651,-0.20135369604135453,0.5793938096127955
MMP1112,-1.118577949374336,0.3142222311363446,5,2,-1.0502810361494137,0.15560868031930244,0.5870499168535301
MMP0666,-0.7827261969449537,0.3169865194420096,10,2,-0.3041495697528889,0.47352540626935163,0.5891817735930591
MMP0819,-0.8163756951565785,0.31725172424241643,5,2,1.3603400693006433,1.9329901416721904,0.5891817735930591
MMP0677,0.7781391110186422,0.3207463126828183,5,2,-0.7238740303543858,-1.2580940869788249,0.5939041516738238
MMP1375,-0.6001190935548478,0.32188620140251434,10,2,-0.8032774819288802,-0.2900692711328075,0.5942514487431034
MMP0597,0.32126811054416443,0.32292760105841106,12,2,0.3027582760062324,-0.018509834537932226,0.5944154072579603
MMP0330,-0.4457814531763462,0.32668507059852064,6,2,-0.8454118902787364,-0.39963043710239066,0.5995631883925792
MMP1288,0.6307376941683996,0.3296417593861612,8,2,0.39637137364694,0.0549956166605298,0.6032154189353801
MMP0874,1.6760278782956812,0.33265078550567445,4,2,1.240112169523049,0.5551433361810099,0.6069417840805288
MMP0352,0.6034871532421248,0.33601992021191507,5,2,0.17868993634929187,-1.4530815870277907,0.6076582420543488
MMP1030,-0.464210960392498,0.33843597803886843,9,2,0.10770591289033543,0.8397644868406289,0.6076582420543488
MMP1319,0.3270532269434247,0.33908246973103295,12,2,0.18571579385792217,-0.14133743308550265,0.6076582420543488
MMP1003,-0.4789364298632042,0.34009351196876314,7,2,-0.07924389700917302,0.3058434516637831,0.6076582420543488
MMP1556,-0.45235130386865546,0.341636809101974,12,2,0.375573834575824,0.8279251384444798,0.6076582420543488
MMP1303,-0.7908024288885611,0.3422465076418977,8,2,0.6239127388781134,0.815923403172498,0.6076582420543488
MMP0385,0.5234872757248418,0.3424523852252173,10,2,0.8309117543060874,0.3074244785812457,0.6076582420543488
MMP0050,0.1746169967591609,0.343640858746487,12,2,-0.5395056932071985,-0.7141226899663594,0.6076582420543488
MMP0052,-0.6762327292717851,0.34544106607688096,12,2,-0.048124935323153394,0.628107793948632,0.6076582420543488
MMP1066,0.5725795555897262,0.34613883678359736,8,2,0.4991994973496432,-0.04231791948800486,0.6076582420543488
MMP1445,1.1189027620776757,0.34812820294458047,7,2,0.0535166822487632,-1.183963279757293,0.6076582420543488
MMP0392,-0.34243261558350757,0.3487052860732064,10,2,-0.954062278977556,-0.6116296633940486,0.6076582420543488
MMP0429,0.5156014810882855,0.34892173991671693,12,2,0.13102544447047298,-0.38457603661781276,0.6076582420543488
MMP1417,0.22890622432744265,0.34989555594545785,12,2,-0.5510483923964079,-0.7799546167238506,0.6076582420543488
MMP0916,0.3161640100727576,0.35064153339543347,12,2,-0.46217370576813105,-0.7783377158408887,0.6076582420543488
MMP0178,0.5390307766002858,0.3510726342175483,12,2,0.16319931012710942,-0.3758314664731765,0.6076582420543488
MMP0433,0.6488378056600613,0.35130357015385427,5,2,0.5664828262023698,-0.1399405334083053,0.6076582420543488
MMP0908,-0.30965367311084724,0.35155518910036965,12,2,0.2287526649063714,0.5384063380172187,0.6076582420543488
MMP1551,1.4631608509939997,0.3517755056982932,5,2,1.0847550850040963,-0.3041815473073655,0.6076582420543488
MMP0410,-1.0638981938982488,0.3525196852943498,7,2,-0.20308794009978298,1.4331277401656821,0.6076582420543488
MMP1251,0.3176479701203926,0.3537986319563893,12,2,0.3176433541655946,-4.615954798147433e-06,0.6081827722886691
MMP0006,-0.2516818207338804,0.35485758816046264,12,2,-0.5164722094007382,-0.26479038866685767,0.6083272939893645
MMP1352,0.5902090052742389,0.3564870656564293,12,2,-1.3069732652565154,-1.8971822705307544,0.6094463807386626
MMP1191,0.23190696483109088,0.36055092097983055,12,2,-0.38537483222354635,-0.6172817970546374,0.6126080970747061
MMP0327,0.519864155540332,0.36084324213589936,11,2,-0.23126025425919133,-0.6979791003020455,0.6126080970747061
MMP0093,-0.7466866297168732,0.36133557239819253,7,2,-0.11805657546629252,0.6015362224648064,0.6126080970747061
MMP0051,0.18947284205593204,0.3630809009234409,12,2,-0.6629956817836201,-0.8524685238395522,0.6126080970747061
MMP0937,-1.064478547394771,0.36339782678667715,7,2,-1.564325612450592,-0.38851043466617874,0.6126080970747061
MMP0729,-1.2061134952904045,0.3644869720472216,6,2,-0.03541226674120901,1.9139565546956128,0.6126080970747061
MMP0113,-1.6834216254077983,0.3652086732560748,7,2,0.0020359924907320526,2.3673364240557175,0.6126080970747061
MMP0623,0.3472843204894281,0.3676763470607154,12,2,0.8287744857971102,0.48149016530768196,0.6150939425358884
MMP1105,0.49443376961739427,0.3703278106239587,10,2,0.193460688308897,-0.4073033229355546,0.6178731385811503
MMP0695,-0.27720129328028054,0.3725452109421782,12,2,-0.24604263045019822,0.03115866283008237,0.6199152310077846
MMP0302,-0.5957848661299954,0.37655258524411306,6,2,0.46132649216182386,0.9528880806420363,0.623971583044616
MMP1361,0.23716534988717267,0.37698283142278877,12,2,-0.1554711898304981,-0.3926365397176708,0.623971583044616
MMP1072,-0.7668481054691745,0.3789129550172508,9,2,-0.9779768646624662,-0.12835911383685403,0.6255071003459379
MMP1327,0.2238656674458466,0.38121277421062827,12,2,-0.18903120228702486,-0.4128968697328716,0.6276431955341215
MMP0141,0.4556058159428771,0.3845015654036385,10,2,0.2924227945780062,-0.3487468150733381,0.6284380777311404
MMP0341,-0.5682955858802162,0.3845512200556661,11,2,-0.594918725008038,0.03877998391101618,0.6284380777311404
MMP0289,0.7532232353224145,0.3847169001495122,11,2,0.731646263743448,-0.07956353724033167,0.6284380777311404
MMP0956,1.3440611848010122,0.38731234130364917,7,2,0.5572685461393588,-0.2343663199750806,0.6310258511056842
MMP0979,-0.34899526471198333,0.3895839352676731,12,2,-0.010593028411057701,0.33840223630092575,0.6323316774782765
MMP1017,-0.4899516125515972,0.390676248443927,12,2,-0.5109025763635787,-0.02095096381198125,0.6323316774782765
MMP0167,0.27836284001907236,0.3911538902349595,12,2,0.391565337439306,0.11320249742023346,0.6323316774782765
MMP1429,0.29876375764609375,0.39867799837912554,12,2,0.24752105449980155,-0.05124270314629237,0.6420495803745437
MMP0298,0.4685855383952168,0.3994870599026601,12,2,-0.17818000879440218,-0.6467655471896192,0.6420495803745437
MMP1265,-0.7842702103856453,0.40109369162952535,11,2,-0.5204580964794276,0.29519226883867733,0.6420495803745437
MMP0476,-0.5166031482002679,0.40292227502830186,4,2,0.8123909063484476,0.32150847514901987,0.6420495803745437
MMP1540,-2.308936402207463,0.4049186367067902,5,2,-0.8086961098980584,1.3289940545487153,0.6420495803745437
MMP0044,-0.2840191694110036,0.40523352773897636,12,2,0.17592382688778416,0.45994299629878777,0.6420495803745437
MMP0300,1.4039263281338001,0.40581743184774416,4,2,-1.1304982573577573,-0.6710059460255433,0.6420495803745437
MMP0064,-0.40910629431548473,0.4060300660800698,10,2,0.36521431589606035,0.8367738894987491,0.6420495803745437
MMP1308,0.13520942008768766,0.4064256157819628,12,2,-0.08529726529071448,-0.22050668537840226,0.6420495803745437
MMP1011,0.341514017683047,0.41171179860771534,12,2,-0.287292166164704,-0.6288061838477511,0.6478457862102173
MMP0219,0.6429436590038919,0.4129261041616952,12,2,-0.07117903173144817,-0.7141226907353403,0.6478457862102173
MMP1635,-0.3468710086158315,0.41411290432614956,9,2,1.5304364839558082,1.894846640555489,0.6478457862102173
MMP1322,-0.290628281819685,0.4145476356693878,12,2,-0.6420082821568717,-0.3513800003371865,0.6478457862102173
MMP1186,0.3615077455473783,0.41528576039116494,12,2,0.5323609323389014,0.17085318679152292,0.6478457862102173
MMP0263,-0.581753583413994,0.42240488338372717,10,2,-0.9433341484614015,-0.361580565047408,0.6573083472105878
MMP0420,0.2770395699229133,0.42580117849000243,11,2,0.4327201636428675,0.03338173141984817,0.659568219686597
MMP0132,-0.3347741968556195,0.4259711418809272,11,2,0.07902637640761603,0.4049182290666194,0.659568219686597
MMP0033,1.2800478599417167,0.4311615373100532,4,2,0.8657788438958011,0.3140228969098218,0.665952473468993
MMP0066,-0.26556963896158875,0.4341264692555852,12,2,-0.21414103818097516,0.051428600780613655,0.6674603163555144
MMP0901,0.35324053062039035,0.43427706480823536,12,2,0.2999856884121444,-0.053254842208246174,0.6674603163555144
MMP0372,0.2010503676818237,0.4369400580420172,12,2,0.5674403903942314,0.36639002271240767,0.6680901656350214
MMP0971,-0.26583667131203315,0.4373157555211451,12,2,-0.44531055317432605,-0.17947388186229282,0.6680901656350214
MMP0955,0.6166809424307567,0.4378988425396214,8,2,-1.6718928547672138,-2.4818694733831603,0.6680901656350214
MMP0668,-0.6468391672690066,0.44007548908412086,5,2,0.11185300666950633,0.9139565554612908,0.6697734272890035
MMP0083,-0.2513012116036343,0.44566151983507885,12,2,0.19068242115634412,0.4419836327599785,0.6752029713196637
MMP0696,0.2935849205086074,0.44587314360193797,11,2,-0.2342372026451797,-0.49389520433712475,0.6752029713196637
MMP0397,-0.2866100554677577,0.44688914608176455,12,2,-0.14331094765934713,0.14329910780841068,0.6752029713196637
MMP1416,0.22388505001247555,0.44971172423123895,12,2,-0.46869047149078863,-0.6925755215032643,0.6778263669572298
MMP0610,0.5539327615893144,0.4511835240593415,5,2,-0.0756322403307026,-0.6088751218911723,0.6779100603114008
MMP0650,0.3689566947765942,0.4534484452861832,12,2,0.39430535732611166,0.02534866254951723,0.6779100603114008
MMP0391,0.30563483631864724,0.45346236866814305,12,2,-0.741652116734726,-1.047286953053373,0.6779100603114008
MMP0369,0.26073207658171127,0.45411282886244475,12,2,-0.3675282518196814,-0.6282603284013928,0.6779100603114008
MMP1569,-0.6688371126775955,0.45816210401005725,7,2,0.7820926654969713,0.6450699773295413,0.6823225606259564
MMP0925,-0.5027786844366967,0.4609089253978247,11,2,-0.2973510815346244,0.15926303146532111,0.6847789748767681
MMP0688,-0.3635823490308797,0.4695095548631202,12,2,-0.21109298225207,0.1524893667788099,0.6917869740948537
MMP1150,0.614751475229588,0.4707779109083323,11,2,-0.7969136868351352,-1.5411280457707628,0.6917869740948537
MMP0148,0.5297366886927016,0.47133728586658785,12,2,-1.3656465586320652,-1.895383247324767,0.6917869740948537
MMP0487,0.5646659150715344,0.47141112548478126,9,2,0.16567722294385992,-0.4592550188585758,0.6917869740948537
MMP0965,-0.3967568240574945,0.4718806463386416,12,2,-0.7492253477459759,-0.35246852368848125,0.6917869740948537
MMP0820,-0.31942964589478257,0.4722776457762944,12,2,1.2225119164338096,1.5419415623285924,0.6917869740948537
MMP0816,0.2717527865433972,0.47457623760793843,11,2,0.19521990820663254,-0.025908854312651285,0.6935259303685095
MMP0917,-0.1915212644408713,0.4798946748814098,11,2,-0.023012956252077405,0.08928082910698834,0.6996595259953264
MMP0168,-0.2233759171971166,0.48291361756925566,10,2,-0.14767174073924286,0.07570417645787378,0.7022512643493031
MMP1493,-0.3689058158878526,0.48396812961493996,11,2,-0.4329045454192116,-0.03199650028008349,0.7022512643493031
MMP0625,0.41841458926397646,0.48504854957459875,12,2,-0.5832314617764399,-1.0016460510404164,0.7022512643493031
MMP0559,-0.3561238683858154,0.4871752601385114,12,2,0.39895730193575857,0.7550811703215742,0.7036975979778498
MMP0013,-0.43456414633857987,0.48992410028839783,9,2,-0.02664868168895427,0.4846926783586698,0.7060338073440191
MMP0933,0.7208619771683135,0.4939235713564438,11,2,-0.1133022750429773,-0.7895749589906356,0.7101573929180206
MMP0180,-0.3607655916475224,0.49695941336983784,10,2,-0.19916163497716774,0.3061047953340268,0.7128797102132847
MMP0946,0.2886884713773467,0.5026916366727429,12,2,-0.1100357150306835,-0.39872418640803037,0.7184400018306945
MMP1500,-0.16552776154428372,0.5036659767398073,12,2,-0.013429051202099251,0.15209871034218456,0.7184400018306945
MMP1506,0.39717085328845914,0.504289616669622,9,2,-1.2737018513234102,-1.7523311965241224,0.7184400018306945
MMP1114,0.5855790547198126,0.5100212241178141,7,2,-0.01550844180896449,-0.6552860562487637,0.7249504415706515
MMP0940,0.8934200863283873,0.5112435705573762,8,2,0.08627945343272618,-0.3593535113233318,0.7249882541398524
MMP1129,0.40586407769625854,0.5123715065315303,11,2,-0.455290916225931,-0.9665515533498272,0.7249882541398524
MMP1116,-0.1354872778093737,0.5213641844690056,12,2,-0.18390501438225793,-0.048417736572884146,0.7345169250176193
MMP1002,0.4113379693619893,0.5214599323442394,7,2,0.6380939641291993,0.5091292863189689,0.7345169250176193
MMP1532,0.3621005155093365,0.5233949970420352,9,2,-0.8722658053989557,-0.20809375557045132,0.7355821580050224
MMP1259,-0.3281228985218434,0.5277218616989376,11,2,-0.6900632879525442,-0.3413128811660565,0.7399363571606996
MMP0309,0.2590194102371803,0.5296238496308734,12,2,-0.4433717257283811,-0.7023911359655615,0.7399363571606996
MMP1690,-0.696309674711388,0.5300505635430012,6,2,0.5886826898924087,0.9522989248700734,0.7399363571606996
MMP1592,-0.7478838795145849,0.5332684844793667,5,2,-0.3318856334136445,0.9139565554612908,0.7408851481519403
MMP0982,0.7205241928634137,0.5335478047977048,9,2,-0.40738403412041224,-0.0941430554612707,0.7408851481519403
MMP0683,0.5401949711241544,0.5344927061165168,8,2,0.23530627538693186,-0.36506484044746557,0.7408851481519403
MMP1007,-0.1286233231151818,0.535479490090585,4,2,0.09348240971645135,1.3289940545487153,0.7408851481519403
MMP0569,-0.33153000633095636,0.53751325507514,10,2,0.4845127741113371,0.8160427804422933,0.7420536972718748
MMP1391,-0.16142208852723583,0.5398870371067714,12,2,-0.2274989594192706,-0.06607687089203464,0.7423449276150327
MMP1016,0.2079311783819388,0.5401035210532449,12,2,0.9739410211496726,0.7660098427677337,0.7423449276150327
MMP1042,0.07596356587084596,0.5412964001667873,12,2,-0.4072919314814534,-0.4832554973522993,0.7423493488001655
MMP1252,0.4149483212294592,0.545123653524594,12,2,0.34520039940226116,-0.06974792182719836,0.7459586837704971
MMP1549,-0.9100060396866445,0.5463531208323946,8,2,-1.2294265169176244,-0.09688943653403288,0.7460051365413879
MMP0393,0.7664145444257129,0.5478801924170849,5,2,0.11898843306533889,-1.1836068890568046,0.746456856044238
MMP0073,0.10639953868831074,0.551238592372926,12,2,0.027461358204627973,-0.0789381804836829,0.749396256297834
MMP0080,0.16402744019750368,0.5529141730375509,12,2,-0.03502270539790931,-0.19905014559541304,0.7494819758011221
MMP0974,-0.7511484838476763,0.5541474307104148,5,2,0.8382772703836503,0.9760873802967908,0.7494819758011221
MMP1240,0.5116397217097852,0.5549049243912154,9,2,0.6554945979229896,0.09468954442126692,0.7494819758011221
MMP0867,-1.5578178592166982,0.5575219683975321,5,2,-1.4612251945828012,0.32899405397445664,0.7513902986610368
MMP1498,-0.9064136901809222,0.5611479686334431,8,2,-1.0259312358549977,-0.44252738114591034,0.7546472681622165
MMP1586,-0.25563972486883796,0.5623907155561619,12,2,-0.13717381086273536,0.11846591400610273,0.7546920570043979
MMP0388,0.38477821475630447,0.5666116458683741,12,2,0.41145299845381506,0.02667478369751029,0.7587246073430589
MMP1318,-0.19828671308251766,0.5710745935578376,12,2,-0.5332660965752146,-0.334979383492697,0.7606922507830998
MMP1465,0.22706272510888298,0.5717273006152561,11,2,0.6944152393145251,0.4302520778958348,0.7606922507830998
MMP1064,-0.4467079646993091,0.5720363298353233,6,2,-0.733205757214118,-0.15183476056551465,0.7606922507830998
MMP1443,0.7901096679116199,0.5729573042757322,6,2,0.09009450508206412,-0.7298649860686363,0.7606922507830998
MMP1297,0.18521975430745194,0.576658418736602,12,2,1.2084199435095344,1.0232001892020826,0.7630409778404034
MMP0879,-0.186227126689377,0.5787537216360001,12,2,-0.06328851486316574,0.12293861182621131,0.7630409778404034
MMP0061,0.41118799087407576,0.5792099766344072,9,2,0.4348402791278583,0.22413928602726452,0.7630409778404034
MMP0055,-1.4602271484828109,0.5796176658595371,4,2,-1.0577783712398119,0.3673364237761188,0.7630409778404034
MMP0166,-0.33799767566820055,0.5853489860685841,10,2,-0.7899487045556844,-0.4519510288874843,0.7682193099263155
MMP1563,-0.1879294533483624,0.5869330189185002,12,2,0.21815998708614262,0.40608944043450523,0.7682193099263155
MMP0187,0.14603636909631237,0.5872445686455969,11,2,-0.5877995930777637,-0.6547209996981846,0.7682193099263155
MMP1643,0.25945572320711263,0.5933152030574487,12,2,0.050290923448368975,-0.20916479975874372,0.7696767537943997
MMP1272,-0.1928056397651432,0.5939397607968406,9,2,-1.2446269714011935,-0.8664337782204319,0.7696767537943997
MMP0234,0.09327277134549794,0.595028791531704,12,2,0.5908257900042844,0.49755301865878643,0.7696767537943997
MMP1271,0.3723274871052887,0.5959750900495829,10,2,-0.3709731132821839,-0.7433006003874725,0.7696767537943997
MMP1714,0.2710324819986614,0.5964858102041959,8,2,0.1750119949267862,0.2908351998921511,0.7696767537943997
MMP1372,0.9743340768110311,0.5965072288826236,6,2,0.3251047148428842,0.4740383178010223,0.7696767537943997
MMP0179,-0.2293619216238566,0.5969928667251434,12,2,-0.6361711457689374,-0.4068092241450807,0.7696767537943997
MMP0817,0.33404322813322385,0.6027930084475495,12,2,1.1878870131270909,0.8538437849938667,0.7755522417964348
MMP0264,-0.13920921185275548,0.6107450238152047,5,2,-1.3446549834736041,-1.3395931696169328,0.781682817631083
MMP1544,0.17564981441337532,0.6111912253670504,12,2,-0.3928486262884199,-0.5684984407017951,0.781682817631083
MMP0227,0.1455012682187206,0.611316049685847,12,2,0.376337112421301,0.2308358442025804,0.781682817631083
MMP0402,-0.42715051877875654,0.6131994750356053,6,2,0.46889583865334816,0.45288808019236537,0.782487673665067
MMP0881,-0.6353285094156583,0.6193469144711947,4,2,-0.5086099377867765,-0.14742611252087146,0.787868968296553
MMP0318,-0.17539013358198577,0.6199417683230889,12,2,-0.3632627808566428,-0.187872647274657,0.787868968296553
MMP1702,0.3747870037026439,0.6216530298147958,8,2,0.26763781711739004,-0.10714918658525427,0.7884379890333996
MMP1241,-0.3518352042045691,0.6261590275477973,7,2,-0.36582392287796245,-0.047111919836603594,0.7925420551517759
MMP1254,0.16816323545025322,0.6283097246283104,12,2,-0.32068021552808906,-0.48884345097834236,0.7936543890041815
MMP0626,0.6743685753469747,0.6323210735582101,7,2,-0.005481536684978343,-0.6326635773422764,0.7971077775764104
MMP0884,-0.2762372654249703,0.63625924852491,10,2,-0.4922453570438816,-0.25514682520238324,0.7989159190931315
MMP1354,0.7227283989505162,0.6363160445341127,6,2,0.8483638345384167,-0.15183476139678054,0.7989159190931315
MMP1525,-0.4621893541197845,0.6390076738992281,7,2,0.2141019489296323,0.6647819845352552,0.7998412866791709
MMP0601,0.42738616190349327,0.6396166699565806,7,2,1.138397342346967,-0.2146433576776067,0.7998412866791709
MMP1026,-0.17882337739885745,0.6412532908937025,12,2,-0.32923544147667905,-0.15041206407782162,0.8002841070353407
MMP0041,0.11785712213369465,0.6439082911719488,12,2,0.36860575732164835,0.2507486351879537,0.8019935602620679
MMP0978,-0.27092139087069106,0.646188051916827,11,2,0.09127863114941508,0.46028378021405636,0.802500149915277
MMP1205,-0.3924600584936196,0.6468871400759364,7,2,-0.09850554495242506,-0.482069787052005,0.802500149915277
MMP0060,0.20716969884022818,0.6482268553467865,12,2,-0.4902635468401714,-0.6974332456803997,0.802566582810307
MMP0629,-0.0813366958348557,0.6520039913914599,12,2,-0.0703765121196839,0.010960183715171906,0.8056445358975663
MMP0831,0.21235956495164154,0.657873495753567,9,2,-0.6009952866119826,-0.4790828024045834,0.8110056840733214
MMP0057,0.1966692022695443,0.6589421183095736,12,2,-0.5340427672091788,-0.7307119694787231,0.8110056840733214
MMP0919,0.7878212654295317,0.6681753417492569,5,2,0.45450915500201416,-0.15183476168390989,0.8207508134872762
MMP0348,-0.7850254498369788,0.6696747618929043,5,2,-1.1932721864200098,0.6984795546271486,0.8209765253854072
MMP1608,-0.6959229178562729,0.6748621673279942,6,2,-0.5971503947230601,0.32899405397445664,0.8257137106130753
MMP0572,0.12424314624836356,0.6844457196756671,12,2,-0.5646052567402381,-0.6888484029886018,0.8358006439875074
MMP0135,-0.143081525989785,0.6879080350790647,12,2,-0.2340790315199329,-0.09099750553014789,0.8383879177526101
MMP0578,-0.12156422444139865,0.6990531493366905,9,2,0.19933022035400005,0.40491822938356403,0.8475786465229266
MMP1488,0.1959991716391508,0.7003900442530644,8,2,-0.4514269403316682,0.4845437222033248,0.8475786465229266
MMP1486,-0.37904170952958854,0.7022615846873271,6,2,0.15376448881286203,0.6138521279899897,0.8475786465229266
MMP0607,0.8155897935171452,0.7026704953539968,5,2,0.5260886601928912,0.4331277401656821,0.8475786465229266
MMP0279,0.5286991745001722,0.7030556223165483,5,2,-0.11872693857075141,-0.14963043723385228,0.8475786465229266
MMP1546,-0.15588554186456074,0.7042873167764623,12,2,-0.6251527292580539,-0.469267187393493,0.8475786465229266
MMP0133,0.06847636557598066,0.704957239656088,12,2,-0.5317213931814776,-0.6001977587574583,0.8475786465229266
MMP1159,0.31279355700176814,0.7091068056608958,6,2,1.1649263619004795,0.14505513806331916,0.8509281667930749
MMP0086,0.267672375007391,0.7175916260601992,5,2,0.45957325466202126,0.2528549094391309,0.8584302132779696
MMP1414,0.10818059948318845,0.7181098899536862,12,2,-0.2967713955960584,-0.40495199507924684,0.8584302132779696
MMP1193,-0.4131192681032034,0.7198359931064524,6,2,1.2667545480731996,2.136348976688356,0.8588482977025359
MMP0353,-0.15341609762560537,0.722214173635338,9,2,-0.7049211298801898,-0.6375148813862958,0.8600413060084942
MMP0591,-0.20748872292918147,0.7240752663076334,10,2,-0.2857562775132977,-0.07826755458411622,0.8606151736685014
MMP1053,-0.11877235895467912,0.7281870741064772,12,2,0.45620350586574737,0.5749758648204266,0.8638569092061631
MMP1176,-0.38534176514421287,0.7307057110308565,11,2,-1.3622232618838341,-0.9850567705634105,0.8641871343988136
MMP1326,0.25389236505720325,0.73301209009626,9,2,0.36584693023322795,-0.09683439669697148,0.8641871343988136
MMP0894,0.056698549374935875,0.7363222519793116,12,2,-0.10793801385108327,-0.1646365632260193,0.8641871343988136
MMP1640,0.09876908819082862,0.736437822728524,12,2,-0.47393291728673054,-0.572702005477559,0.8641871343988136
MMP0608,-0.22611923797577677,0.7377881382311847,9,2,-0.0398220522835417,0.4589183801427229,0.8641871343988136
MMP1584,-0.2618005318011366,0.738011595634884,11,2,-0.7675313811879516,-0.44393333796802964,0.8641871343988136
MMP0092,-0.11924887124826715,0.7401298673259564,12,2,-0.07299782468362424,0.04625104656464301,0.8641871343988136
MMP1131,0.20245996584854753,0.7407385383471581,10,2,-0.4548190308265252,-0.6572789966750727,0.8641871343988136
MMP0443,-0.07309018438956674,0.7422124486876128,12,2,-0.39756793512846594,-0.3244777507388991,0.8641871343988136
MMP0274,-0.16894751261983013,0.742314589804109,11,2,-0.19781385276179436,0.017930213359536058,0.8641871343988136
MMP0002,0.8710944821098832,0.751691941835076,4,2,-0.6703394536052572,-0.6710059460255433,0.8720541607935245
MMP1169,0.09623305893101601,0.751867209145699,12,2,0.11140365547050095,0.015170596539484812,0.8720541607935245
MMP0516,-0.35307055894278483,0.759535532277968,5,2,0.03805432026614796,0.050451279361622595,0.8778181943897754
MMP0702,-0.15650897503292194,0.7605030448257087,6,2,0.35690838235212585,0.32899405397445664,0.8778181943897754
MMP1496,-0.1752205610930737,0.763472103553457,11,2,-1.167566643663071,-1.065739314921411,0.8778181943897754
MMP1555,-0.1100731476041529,0.763801308072176,12,2,0.4070475940173033,0.5171207416214563,0.8778181943897754
MMP0165,-0.29686339099116155,0.7638706403103334,5,2,0.2661788742711372,0.2839203218568809,0.8778181943897754
MMP0383,-0.03562706876630854,0.7691746277743866,12,2,0.5789434131957213,0.6145704819620299,0.8822885436235611
MMP1623,-0.701207384780195,0.7712464295861245,7,2,-0.0024803131135906487,1.3289940545487153,0.8830417835995261
MMP0249,0.09516334498683705,0.7756162103997516,12,2,-0.3781618719551099,-0.47332521694194685,0.885076151458874
MMP1133,-0.20736981615542702,0.7758600237948783,10,2,-0.43748227670005924,-0.2301124605446324,0.885076151458874
MMP1181,-0.3039986765287182,0.7773503002330431,10,2,-0.4483230957290065,-0.14432441920028855,0.885158006104779
MMP0568,-0.08866847701469377,0.7794021062641683,10,2,0.22697032661967328,0.315638803634367,0.8858778038412405
MMP0065,-0.35461365184322385,0.7830537291347813,6,2,-0.8750688088058759,-0.5204551569626528,0.887128111422137
MMP1200,0.06403552298513052,0.7833454958230729,12,2,-0.10536800720407698,-0.16940353018920754,0.887128111422137
MMP1721,-0.1486158187363097,0.7895361411841163,11,2,0.9418020764515402,1.1845682802027218,0.8911282071810755
MMP0308,0.08727541551099903,0.789733811812716,11,2,0.7952754713341448,0.7274175414613673,0.8911282071810755
MMP1670,0.14632436172591753,0.7917147114665545,12,2,0.07774870516252758,-0.06857565656339,0.891750866345
MMP1046,0.05493012400409044,0.7935119458255284,12,2,-0.34250722219320345,-0.39743734619729376,0.8920661547240925
MMP1075,-0.06050643232731394,0.7948538173503132,4,2,-0.4465167071048455,-0.3860102747775314,0.8920661547240925
MMP0624,-0.47765105546414866,0.7970560397633474,5,2,-0.024811754009725018,-0.6088751218911723,0.8926696359443803
MMP0947,0.11618292892415703,0.798252655219494,11,2,-0.7869737366936133,-0.8295095859186448,0.8926696359443803
MMP0428,-0.6358009179108324,0.8019744538329006,4,2,-1.9128346879442708,0.5091292859894747,0.8952272973018425
MMP0396,-0.06543188766487042,0.8085356230939407,12,2,-0.8389118802664576,-0.7734799926015873,0.9009396943046767
MMP0887,-0.12155872324659919,0.8125117525725678,8,2,-0.3475193917163893,-0.55163815733664,0.9037563878882038
MMP0326,0.09799153659101582,0.8226174413762392,12,2,-0.37912035960252116,-0.47711189619353706,0.911845072665232
MMP0645,0.15175134619121283,0.8227063716514833,11,2,0.2574561670819981,0.18162908745279865,0.911845072665232
MMP1183,0.15397022239928865,0.8277214810652513,7,2,-0.2928628928765418,-0.6419545897480587,0.912693895106725
MMP1211,-0.07327092267103637,0.8281534768007925,12,2,-0.4880444045063848,-0.41477348183534857,0.912693895106725
MMP1480,0.19926069109299782,0.831472877940413,7,2,-0.5219688662225769,-0.48411805460410723,0.912693895106725
MMP1047,0.06881670267029215,0.8331636793503896,12,2,-0.3098596340739574,-0.37867633674424955,0.912693895106725
MMP1115,-0.15343469433849638,0.8347162204524999,11,2,0.32134850690769895,0.5149443404997488,0.912693895106725
MMP0708,0.16631749815875385,0.8362674660554787,12,2,-0.27761583988405136,-0.4439333380428052,0.912693895106725
MMP0285,-0.1612967022334471,0.8367325687331996,12,2,-0.5050206566157601,-0.3437239543823128,0.912693895106725
MMP0964,-0.18745118459293802,0.8385718863884866,5,2,1.5695435356949428,0.45288808064203645,0.912693895106725
MMP1166,0.2530058511313988,0.838630248633521,6,2,-0.898828910552511,-0.9965488758728318,0.912693895106725
MMP1474,-0.06232466785415735,0.838969445917715,12,2,-0.38207902823341006,-0.3197543603792526,0.912693895106725
MMP0576,-0.04264646672684991,0.8395613714603528,12,2,-0.058053687959182164,-0.0154072212323323,0.912693895106725
MMP0003,-0.13555937698050677,0.8482405631652254,12,2,-0.11762916311987544,0.017930213860631428,0.9190165205870514
MMP0968,-0.12857386168423818,0.8503235689400909,9,2,0.2407891170602361,0.41916316684584437,0.9190165205870514
MMP0235,0.05792224411152711,0.8515182141361317,9,2,0.7142914970639277,0.7233328377003823,0.9190165205870514
MMP0893,0.09159273050935236,0.8515375735364528,11,2,0.308033851532621,0.40290609016775775,0.9190165205870514
MMP1663,-0.2064604857001367,0.8527412907370236,6,2,0.35101213347573545,0.557472619175872,0.9190165205870514
MMP1588,-0.09950019181694952,0.8546827272337513,12,2,-0.4928227502638564,-0.3933225584469069,0.919029194186587
MMP1175,-0.26505263687500824,0.855698656766678,5,2,-0.27295783514267213,-1.2481780420557327,0.919029194186587
MMP1275,-0.08632841727472192,0.8582340040108817,10,2,-0.6484575171210769,-0.41382689751725354,0.9193682712849692
MMP0651,0.08985187202728201,0.8600391433244507,11,2,0.4099208112747143,0.33715060322490614,0.9193682712849692
MMP1216,0.0676443881825357,0.860434407741061,11,2,-0.015151735540137797,-0.015431719928053455,0.9193682712849692
MMP0830,-0.13625845524499622,0.8632867446854652,12,2,0.2749877489654738,0.4112462042104703,0.9208391943311629
MMP1145,0.17392235379603416,0.8692611343562733,9,2,1.0229595027443115,0.8332781384207474,0.9256296038196493
MMP1210,-0.13809586541296232,0.8749901624975646,10,2,0.4622758587803163,0.6003717241932789,0.930142864392641
MMP1041,0.07940562371452212,0.8765181888315797,12,2,-0.014751751568822913,-0.09415737528334502,0.9301825677396356
MMP0825,-0.06561077873666914,0.8836809242348216,12,2,1.1596545465343286,1.2252653252709977,0.9361916752504732
MMP0312,0.07346582794068961,0.8953407876242885,12,2,0.0037179062036390245,-0.06974792173705062,0.9469366974195865
MMP0291,-0.06632005449141612,0.8980608654662413,11,2,0.9291188742030462,0.8075251273923107,0.9480005245844466
MMP0284,0.14463012172739964,0.8993851130672955,6,2,-0.06969482023975644,-0.21432494196715593,0.9480005245844466
MMP1668,0.06931078196837902,0.9023040809435671,12,2,-0.2760887819588866,-0.34539956392726556,0.949473434247531
MMP0427,-0.05804869860708329,0.9064272339882296,12,2,0.5191801059781166,0.5772288045851999,0.9513294470469008
MMP0136,-0.047927464289998514,0.9083534892155558,12,2,-0.2930866230437529,-0.24515915875375435,0.9513294470469008
MMP0335,0.07551175736269902,0.9086415872435143,9,2,0.6267613778883708,0.6700260592914816,0.9513294470469008
MMP0697,-0.05333948753115384,0.9112944131595756,11,2,-0.5599552005366056,-0.5678319820240555,0.9525087333527222
MMP0539,-0.04000644971677441,0.9172274710756669,12,2,-0.5065580022252935,-0.46655155250851915,0.9545986369011585
MMP1363,0.024530015497440633,0.9178763422985015,12,2,-0.13279715243913298,-0.1573271679365736,0.9545986369011585
MMP0984,0.04384348342010096,0.9178833047126524,12,2,-0.2610580039397355,-0.3049014873598366,0.9545986369011585
MMP1453,-0.08540019292709317,0.9243165563240787,6,2,0.6838570627790018,0.09896701311083604,0.9596897356842348
MMP1662,-0.04293513830143638,0.926268133827455,10,2,-0.07486600177110096,0.020158103136584327,0.9601184642995546
MMP1090,0.02973334893892163,0.9290976125738879,6,2,-0.5152741033481568,-1.1197482535130785,0.9613486624834446
MMP0346,-0.035177365997630064,0.930536205352565,12,2,0.2232856527418908,0.2584630187395209,0.9613486624834446
MMP0042,0.035676387122706384,0.9351158300712696,11,2,0.19018172691698831,0.14374479730128267,0.9644831040735079
MMP0620,-0.011412063413814117,0.9379944341296305,12,2,0.21036584851415532,0.2217779119279694,0.9658556549453621
MMP1018,-0.030164762532083732,0.9409475261359825,12,2,0.31785672348578603,0.3480214860178698,0.9673002575104664
MMP0001,-0.03750276512798467,0.9457340633054496,8,2,-0.6436912291309504,-0.5434279248340629,0.9706218018134878
MMP0405,-0.03630511622559659,0.9521424788858404,7,2,-0.2629783936105726,-0.6710059460255433,0.9755942640800729
MMP0414,-0.019140031199863537,0.9578051551808753,12,2,-0.8557219925910214,-0.8365819613911579,0.9783135866691833
MMP1692,0.03530648882291214,0.958914202118636,10,2,-0.5086472526901058,-0.27527332442619423,0.9783135866691833
MMP0157,-0.018180537719858572,0.9594998638486221,11,2,-0.25116061782392973,-0.33495852892868333,0.9783135866691833
MMP1101,0.024957951592565614,0.9711446692158384,10,2,-0.3602328385752967,-0.33106592305444643,0.9881603071479718
MMP0079,-0.023665060151207222,0.9732057801688347,9,2,0.0455317572878735,-0.1034751950580276,0.9881603071479718
MMP0127,0.006898437909851477,0.9739079950256453,12,2,-0.1465815542114424,-0.15347999212129385,0.9881603071479718
MMP1190,-0.01909776474282561,0.9792041893517507,11,2,-0.042077177208588425,-0.12109433913129722,0.9905654091452798
MMP1427,0.009217837842735874,0.9794532971837142,11,2,-0.5175258968778718,-0.6437785623346483,0.9905654091452798
MMP1198,0.031908518993138915,0.9832754983747749,5,2,-0.46530018853737964,-0.6088751218911723,0.992022419507797
MMP1686,-0.010210558203968767,0.9840735219155872,12,2,-0.32561367834991334,-0.31540312014594446,0.992022419507797
MMP0125,-0.004645037224570443,0.9941117756261486,12,2,1.0385603145686226,1.0432053517931932,0.99821020729172
MMP1208,0.0014571867225835913,0.9942260256222408,12,2,-0.10404666947559572,-0.10550385619817937,0.99821020729172
MMP1178,-0.0022458897467685698,0.9967017474115876,12,2,0.002002201621941054,0.004248091368709628,0.99821020729172
MMP1401,0.0016492974270873636,0.9971133340248566,10,2,0.5411266803316763,0.5394773829045888,0.99821020729172
MMP1213,-0.0013150490308370731,0.99821020729172,12,2,-0.7371250713316096,-0.7358100223007725,0.99821020729172
