Gene names (ordered locus ),comparison,mean_formate,mean_phosphate,log2FC,n_formate,n_phosphate,p_value,fdr
MMP1015,formate_vs_phosphate,2.029197733430217,0.09016302434412184,1.939034709086095,12,12,8.037780134502267e-09,5.192206872564054e-06
MMP1301,formate_vs_phosphate,1.5009638706109094,0.12777841729330672,1.3731854533176027,12,12,1.5927014946515503e-08,5.192206872564054e-06
MMP0058,formate_vs_phosphate,1.0113991767482429,0.010909118675037105,1.0004900580732057,12,12,8.261889118811344e-08,1.795583901821665e-05
MMP0357,formate_vs_phosphate,2.4933495754265333,-0.8409668728734694,3.3343164483000027,6,9,4.7240105766438617e-07,7.23150926034372e-05
MMP1567,formate_vs_phosphate,0.6503628419987878,-0.22083521496184655,0.8711980569606343,12,12,5.804621295610298e-07,7.23150926034372e-05
MMP1560,formate_vs_phosphate,0.23674104956558575,-0.8231394102326791,1.059880459798265,11,12,6.654763123015693e-07,7.23150926034372e-05
MMP0126,formate_vs_phosphate,-1.580347962358163,0.33297917952086103,-1.913327141879024,9,12,1.1983552143736601e-06,0.00011161822853880377
MMP1347,formate_vs_phosphate,0.6355154428136723,-0.26429652956878397,0.8998119723824562,12,12,1.517884379603596e-06,0.00011804190408998231
MMP1298,formate_vs_phosphate,1.3075132898074977,-0.07746668172169713,1.3849799715291948,12,12,1.6294127865181608e-06,0.00011804190408998231
MMP0076,formate_vs_phosphate,0.7687550643505459,-0.4892800561979693,1.2580351205485152,12,12,2.336126228555763e-06,0.00015231543010183575
MMP1299,formate_vs_phosphate,1.0783631360662738,-0.12213704410687554,1.2005001801731492,12,12,3.617368478957061e-06,0.00021441129529818216
MMP0975,formate_vs_phosphate,1.0627615539696498,-0.746610263639749,1.809371817609399,11,12,5.574435717014189e-06,0.0003028776739577709
MMP1302,formate_vs_phosphate,1.814258352996828,0.36550914030791654,1.4487492126889114,12,12,8.688270307435949e-06,0.0004357501723421722
MMP1021,formate_vs_phosphate,1.2008751880778197,-0.8324271009981014,2.033302289075921,10,11,9.58461199409992e-06,0.00044636907286808197
MMP0297,formate_vs_phosphate,-0.03304320670700862,-0.8701198656157384,0.8370766589087297,12,12,1.2466808637082312e-05,0.0005418906154251779
MMP0952,formate_vs_phosphate,0.6216845190935815,-0.9853508253718369,1.6070353444654184,12,12,2.3342993509702792e-05,0.0009512269855203887
MMP0311,formate_vs_phosphate,1.4678578705057594,-0.15987969740944763,1.627737567915207,11,5,3.27511637726893e-05,0.0012561034576349071
MMP0340,formate_vs_phosphate,-0.7762044158826016,0.42711545328374756,-1.2033198691663491,12,12,3.6428898095270065e-05,0.0013033333262356423
MMP1637,formate_vs_phosphate,0.7249990418415285,-0.08745767279216377,0.8124567146336923,12,12,3.798057239030246e-05,0.0013033333262356423
MMP1371,formate_vs_phosphate,-0.27735341507399397,-1.3712918035226356,1.0939383884486416,12,12,5.910583745113257e-05,0.0019268503009069217
MMP0687,formate_vs_phosphate,0.12598415061533005,1.0837876298322684,-0.9578034792169383,12,12,6.805388707663659e-05,0.002112911160665098
MMP0540,formate_vs_phosphate,-0.9774291708945929,-0.019706596810190834,-0.9577225740844021,12,12,7.707878052622557e-05,0.002261317948255375
MMP1134,formate_vs_phosphate,1.7835246298175242,0.16834908901431045,1.6151755408032138,11,9,7.977041842005157e-05,0.002261317948255375
MMP1207,formate_vs_phosphate,-0.034481603294578944,-1.1463245152336374,1.1118429119390585,12,12,0.0001255998505240486,0.0033694325376384194
MMP0045,formate_vs_phosphate,-0.6797640931617756,0.6406934694121027,-1.3204575625738784,12,12,0.0001310410940639359,0.0033694325376384194
MMP0836,formate_vs_phosphate,0.38035149328806067,1.3600794486753756,-0.9797279553873148,12,12,0.00013877478229459874,0.0033694325376384194
MMP1503,formate_vs_phosphate,0.04432301917097698,-1.6159948313555423,1.6603178505265193,12,11,0.0001395317155157014,0.0033694325376384194
MMP0897,formate_vs_phosphate,-1.9672898887945542,1.0659374749068098,-3.0332273637013643,3,9,0.00014515253796356062,0.0033799805268657683
MMP1524,formate_vs_phosphate,-0.9276800784750238,0.5302201170033076,-1.4579001954783313,9,12,0.0002372242745860367,0.005333456104486067
MMP1189,formate_vs_phosphate,0.3922584635641859,-1.3412771482857198,1.7335356118499057,10,12,0.00026835388777488663,0.005832224494307536
MMP1504,formate_vs_phosphate,-0.5941621803793478,-1.7704183630360086,1.1762561826566609,12,12,0.00038010016750889306,0.007976152416437003
MMP1381,formate_vs_phosphate,-1.088172055233587,0.33656780203957776,-1.4247398572731647,11,10,0.00039146760326071184,0.007976152416437003
MMP1434,formate_vs_phosphate,-0.37800679443279656,-1.1584161664949153,0.7804093720621188,11,12,0.0004270708355499585,0.008341865197192093
MMP1439,formate_vs_phosphate,-0.040827631206483396,1.7815758296468254,-1.8224034608533088,12,12,0.00043500524034437296,0.008341865197192093
MMP0344,formate_vs_phosphate,0.6184930117837181,-0.11732886041193064,0.7358218721956487,11,12,0.0004729111129869162,0.008809658447641982
MMP0633,formate_vs_phosphate,0.8977019327191932,-0.2193014238775384,1.1170033565967317,12,12,0.0005078341780442118,0.009197441224578504
MMP1566,formate_vs_phosphate,0.3004862990911774,-0.6305807722302229,0.9310670713214003,12,12,0.0005219410644883256,0.009197447947199684
MMP0736,formate_vs_phosphate,0.3586491164828646,-0.32407478041746113,0.6827238969003258,12,12,0.0005818184202907152,0.009982779211303852
MMP0823,formate_vs_phosphate,1.263975330066846,0.3402643274082757,0.9237110026585702,12,12,0.0008013558288022704,0.013397025650745648
MMP0245,formate_vs_phosphate,-0.5913365816162953,0.4070201534733579,-0.9983567350896532,12,12,0.0008515445739402952,0.013556940742722129
MMP1148,formate_vs_phosphate,-0.7114934866829749,0.3977675440680282,-1.1092610307510031,11,12,0.0008525070098951031,0.013556940742722129
MMP0657,formate_vs_phosphate,0.21235306422168404,-0.6232441026477804,0.8355971668694644,11,12,0.0010180757736325328,0.015804414390676463
MMP1616,formate_vs_phosphate,-0.8863602694701975,0.03984597099711723,-0.9262062404673148,12,12,0.0010737383988575838,0.016178506149594922
MMP1032,formate_vs_phosphate,-0.37769524148411365,0.19903596293845918,-0.5767312044225729,12,12,0.0011211228480223648,0.016178506149594922
MMP0386,formate_vs_phosphate,1.118218839345938,0.3481005044044228,0.7701183349415153,12,12,0.0011382931674536615,0.016178506149594922
MMP1154,formate_vs_phosphate,0.5998016300755779,2.28256890822517,-1.6827672781495924,12,8,0.0011414283479775557,0.016178506149594922
MMP1444,formate_vs_phosphate,1.5714027523227265,-0.936937744552095,2.5083404968748217,5,9,0.0012538115369830937,0.017393300470488874
MMP1085,formate_vs_phosphate,-1.1546217736879378,0.7453693311960308,-1.8999911048839686,5,2,0.0014839759748437088,0.020157340324960377
MMP1321,formate_vs_phosphate,-0.12849726086285262,-0.7909818141520205,0.6624845532891679,12,12,0.0017952636868974914,0.023563896234938934
MMP1545,formate_vs_phosphate,-0.04753464765609724,-0.932764562968166,0.8852299153120687,12,12,0.001807047257280593,0.023563896234938934
MMP1558,formate_vs_phosphate,0.7909189201146848,-0.021292345195745507,0.8122112653104303,12,12,0.002015909549565476,0.025772020123856675
MMP0601,formate_vs_phosphate,1.5765078520345117,-0.5993886663769862,2.175896518411498,8,8,0.0022548447824780366,0.028272284580301538
MMP0253,formate_vs_phosphate,-1.011001369589321,-0.040868982205254055,-0.9701323873840669,12,12,0.002636205447155552,0.03180209840140579
MMP0325,formate_vs_phosphate,0.09661806613991546,0.610702140731102,-0.5140840745911865,12,12,0.002678644885079658,0.03180209840140579
MMP0808,formate_vs_phosphate,0.17471626410293944,2.3448003865317166,-2.170084122428777,11,2,0.0026856910375964017,0.03180209840140579
MMP1565,formate_vs_phosphate,0.29905589975618624,-1.1438770654345742,1.4429329651907605,12,7,0.0027769000416369657,0.03180209840140579
MMP0385,formate_vs_phosphate,1.127174254475112,-0.12228613309614678,1.2494603875712587,10,12,0.002780244798895905,0.03180209840140579
MMP0927,formate_vs_phosphate,0.27133518145841273,1.5851455770830507,-1.313810395624638,10,9,0.0029952498401866826,0.033499408582838106
MMP1722,formate_vs_phosphate,-0.030112776509730266,1.0897628756977789,-1.119875652207509,2,5,0.003031388199980749,0.033499408582838106
MMP1615,formate_vs_phosphate,0.39389301960888917,1.1525656458976468,-0.7586726262887575,12,10,0.0032063732920660265,0.034842589773784155
MMP0176,formate_vs_phosphate,0.28087012599535954,-0.36822799080983404,0.6490981168051936,12,12,0.003277265905717093,0.035029137221763026
MMP0872,formate_vs_phosphate,0.5633471224933558,-0.9695137843386785,1.5328609068320342,11,10,0.0033640383393426436,0.03537666124599038
MMP0716,formate_vs_phosphate,-0.1865666984364861,-0.9525212853846705,0.7659545869481844,11,10,0.0034468491677972714,0.03564481013663549
MMP0883,formate_vs_phosphate,1.2347859791016926,-0.6531693196818285,1.887955298783521,4,5,0.0034988770686267966,0.03564481013663549
MMP1419,formate_vs_phosphate,-0.15683611862664879,-0.7873017752957416,0.6304656566690928,12,12,0.0036846657908355513,0.03606593795968585
MMP1248,formate_vs_phosphate,0.5079984875016561,-0.14713680181508146,0.6551352893167376,12,12,0.003716770457476897,0.03606593795968585
MMP0737,formate_vs_phosphate,-1.4633771269530782,0.07857091504007584,-1.541948041993154,9,6,0.0037598777399143473,0.03606593795968585
MMP1550,formate_vs_phosphate,-0.20146081345590525,0.5273805473994928,-0.7288413608553981,12,12,0.0037614781921144753,0.03606593795968585
MMP0382,formate_vs_phosphate,-0.028749242207757812,-1.6573728198931499,1.6286235776853921,9,10,0.003893947676580346,0.036794983842469355
MMP1366,formate_vs_phosphate,-0.4385729836232328,-1.0053527701910252,0.5667797865677924,12,12,0.0041337356275535754,0.038252651430775775
MMP0040,formate_vs_phosphate,0.4568537788649539,2.280253708645032,-1.8233999297800783,12,6,0.004165549465621288,0.038252651430775775
MMP0866,formate_vs_phosphate,-0.25320658841038296,-1.3067903093598199,1.053583720949437,12,12,0.004420938394656383,0.03949677555464196
MMP1462,formate_vs_phosphate,0.5235219262555567,1.308161455398215,-0.7846395291426583,12,10,0.004422184993081079,0.03949677555464196
MMP1421,formate_vs_phosphate,-0.20160904569588226,-0.8703927931338562,0.668783747437974,12,12,0.004612508626245392,0.04063994086908102
MMP0980,formate_vs_phosphate,-0.1847567063590857,-1.1344991568126006,0.9497424504535149,12,12,0.00475361083760909,0.04085754159646009
MMP1403,formate_vs_phosphate,-0.13680217406222697,-1.0157255316154978,0.8789233575532709,12,12,0.004814614166406751,0.04085754159646009
MMP0627,formate_vs_phosphate,-0.08487708854088778,-0.784208150151333,0.6993310616104452,11,12,0.0048252004646126175,0.04085754159646009
MMP1505,formate_vs_phosphate,-0.5202531473509854,-1.1880314989220513,0.6677783515710659,12,12,0.005161253562665715,0.043142786190487774
MMP1206,formate_vs_phosphate,-1.308477730104128,-0.511671213039938,-0.7968065170641899,12,12,0.005803366334138461,0.04789613733997818
MMP0156,formate_vs_phosphate,-0.120273741786592,-0.7226994012883168,0.6024256595017248,12,12,0.005974280244775271,0.04810775111314751
MMP0212,formate_vs_phosphate,-0.15553454768298944,-0.7952339343242226,0.6396993866412332,12,12,0.006012930606683009,0.04810775111314751
MMP0261,formate_vs_phosphate,-0.8779174053002357,0.36315360296478466,-1.2410710082650203,11,12,0.006097006024165507,0.04810775111314751
MMP1559,formate_vs_phosphate,0.7955941524631704,0.10306840872954122,0.6925257437336292,12,12,0.006124146230661416,0.04810775111314751
MMP0432,formate_vs_phosphate,-1.6339729880676754,-0.06711913759627552,-1.5668538504714,4,9,0.006566085728995591,0.049061078361327386
MMP0929,formate_vs_phosphate,-0.499848044259687,0.2902629261851416,-0.7901109704448286,5,10,0.0065877725176268385,0.049061078361327386
MMP1711,formate_vs_phosphate,-0.16094440181224848,0.5182382347265069,-0.6791826365387553,12,12,0.006666664577700923,0.049061078361327386
MMP1704,formate_vs_phosphate,-1.1022771824180262,0.30178832331651745,-1.4040655057345437,12,8,0.006668308566801491,0.049061078361327386
MMP0694,formate_vs_phosphate,-1.0105186722311452,-0.14541396424661093,-0.8651047079845343,12,12,0.006736673787437822,0.049061078361327386
MMP1609,formate_vs_phosphate,0.38941543930488015,-0.05996766166055304,0.4493831009654332,12,12,0.006771470443340728,0.049061078361327386
MMP0567,formate_vs_phosphate,0.26715552437725965,-0.8637532217555257,1.1309087461327854,8,10,0.006772234743128014,0.049061078361327386
MMP0123,formate_vs_phosphate,-0.22326411313515837,1.5663459970780371,-1.7896101102131956,12,9,0.007124135728398742,0.05104325818588989
MMP1707,formate_vs_phosphate,-0.545377798386728,0.07220559472005625,-0.6175833931067842,12,12,0.0074705294515048995,0.0529433174171869
MMP1493,formate_vs_phosphate,-0.7035517222406678,0.060554454858000616,-0.7641061770986683,11,12,0.007739896388709957,0.05426249941332142
MMP1297,formate_vs_phosphate,1.3978586811180698,0.6250199656835825,0.7728387154344872,12,12,0.008038294529854504,0.055754979079416345
MMP1349,formate_vs_phosphate,-0.284312078750944,0.6557710358806534,-0.9400831146315974,11,9,0.00823568485872865,0.05580956372495136
MMP0023,formate_vs_phosphate,-0.44119178890293836,1.3892476567613654,-1.8304394456643038,8,5,0.00832323713388248,0.05580956372495136
MMP1489,formate_vs_phosphate,-1.8616804365440847,0.3857991342017161,-2.2474795707458006,4,4,0.008385057492139648,0.05580956372495136
MMP0180,formate_vs_phosphate,-1.1898963000918068,0.36520785384810067,-1.5551041539399075,11,10,0.008512710624770487,0.05580956372495136
MMP1666,formate_vs_phosphate,-1.5041338381882179,-0.08716845497405647,-1.4169653832141613,12,11,0.008555582587231603,0.05580956372495136
MMP0281,formate_vs_phosphate,0.5671957581469574,1.5644171228009587,-0.9972213646540012,12,12,0.008559749037569227,0.05580956372495136
MMP0372,formate_vs_phosphate,0.7835695743238359,0.32901897434775057,0.4545505999760853,12,12,0.008721496985401176,0.05630114885625314
MMP1579,formate_vs_phosphate,0.06380633263193754,-1.054704272368019,1.1185106049999565,12,12,0.00890553386785923,0.05692556942984527
MMP1094,formate_vs_phosphate,-0.539982874830437,-0.13255461537050486,-0.4074282594599322,12,12,0.009081224614371854,0.0574850334812665
MMP0020,formate_vs_phosphate,-0.24205541270473296,0.4211752744009544,-0.6632306871056874,12,10,0.00934027897240816,0.05814298475120136
MMP1222,formate_vs_phosphate,0.2644865299273126,-0.2950797643132204,0.5595662942405331,12,12,0.009417043929847756,0.05814298475120136
MMP0713,formate_vs_phosphate,0.15621863811178258,-1.0029994978017052,1.1592181359134877,9,11,0.00945269383991924,0.05814298475120136
MMP0093,formate_vs_phosphate,-0.236197492933456,0.6087000585710632,-0.8448975515045192,4,11,0.009541956299281118,0.05814350941244195
MMP0258,formate_vs_phosphate,-0.4525352725970198,-1.1924949893415324,0.7399597167445127,12,12,0.009847011608892195,0.05886911817512874
MMP1158,formate_vs_phosphate,1.2933648531873032,0.029820269866458405,1.2635445833208447,12,12,0.00985046967808229,0.05886911817512874
MMP1286,formate_vs_phosphate,-0.5623162936235143,0.0651192528655723,-0.6274355464890866,12,12,0.009931906440589205,0.05886911817512874
MMP0259,formate_vs_phosphate,-0.13770958306287337,-0.7400109864976726,0.6023014034347992,12,12,0.011151128987813744,0.06539691835757877
MMP1364,formate_vs_phosphate,-0.02296213635747833,-0.6802856175185313,0.657323481161053,12,12,0.01123382646633255,0.06539691835757877
MMP0295,formate_vs_phosphate,-0.3230319278037948,0.9956665185066478,-1.3186984463104425,12,6,0.011412867550411793,0.06585123577759724
MMP0916,formate_vs_phosphate,-0.36179062069439727,-0.8971700510735542,0.5353794303791569,12,12,0.011595546796301643,0.06589571148000424
MMP0224,formate_vs_phosphate,-0.6964395668794631,0.4441046961920393,-1.1405442630715024,8,9,0.011622709846933263,0.06589571148000424
MMP1136,formate_vs_phosphate,0.976403016308125,0.31996960414589837,0.6564334121622266,12,12,0.012382004648034661,0.06959540543550516
MMP0641,formate_vs_phosphate,-0.33425900123359237,-0.8030441168121804,0.468785115578588,12,12,0.012611925666906653,0.07028184217797553
MMP1031,formate_vs_phosphate,-0.09757774896832579,-0.45748345089571124,0.35990570192738547,12,12,0.012800970911920631,0.0707307884285784
MMP1406,formate_vs_phosphate,0.6179027963494805,-0.09392554883714721,0.7118283451866277,12,12,0.01309613756348264,0.07077740362707048
MMP0981,formate_vs_phosphate,-0.04565696439601078,-0.7573320442368701,0.7116750798408593,12,12,0.013100065231196823,0.07077740362707048
MMP1531,formate_vs_phosphate,0.09111554836620077,0.970764802601563,-0.8796492542353622,6,4,0.013135070305023817,0.07077740362707048
MMP1247,formate_vs_phosphate,1.0775071370364702,0.2739533468224074,0.8035537902140628,12,12,0.01336705022008592,0.07089888075397087
MMP1667,formate_vs_phosphate,-0.976382183708825,1.0779034211981728,-2.054285604906998,6,8,0.013375095602359536,0.07089888075397087
MMP1137,formate_vs_phosphate,1.0310639794436416,0.17364270356291553,0.857421275880726,12,11,0.013627754364299003,0.0714899964871915
MMP0966,formate_vs_phosphate,0.43248794040789046,-0.30991436356093444,0.7424023039688249,12,12,0.013705904234507573,0.0714899964871915
MMP0667,formate_vs_phosphate,-0.05409173079200776,-0.6125303578526743,0.5584386270606665,12,12,0.015466724900996156,0.08003416377340868
MMP0290,formate_vs_phosphate,-0.04554659513749188,-0.7573433162422024,0.7117967211047105,12,12,0.015741967283576762,0.08081702888891376
MMP0868,formate_vs_phosphate,-0.21909656821114823,-1.5592636308702332,1.340167062659085,12,11,0.01628974540637732,0.08297589066373447
MMP1360,formate_vs_phosphate,0.8985628691468958,-0.1764353785035287,1.0749982476504245,11,11,0.01644140413363906,0.08309918988474936
MMP1432,formate_vs_phosphate,-0.551353277091925,0.16786381958017868,-0.7192170966721038,12,12,0.01728009312480941,0.08666631321058259
MMP0370,formate_vs_phosphate,-0.4684031792377468,0.5783200975538503,-1.046723276791597,12,4,0.018136578122359647,0.09026754912808008
MMP0153,formate_vs_phosphate,-0.1539357842239326,1.1704559295942145,-1.3243917138181471,12,9,0.018898712357617746,0.09334818528156644
MMP1038,formate_vs_phosphate,-0.4557190474895687,-1.0755957550605184,0.6198767075709497,12,12,0.019411293043586634,0.0951591207851014
MMP0738,formate_vs_phosphate,1.930867235396079,-0.007824817998320339,1.9386920533943992,4,7,0.020108163601549527,0.09783972140455441
MMP1365,formate_vs_phosphate,-0.5270267208768625,-1.0960217966286898,0.5689950757518273,12,12,0.02095585314673875,0.09927465234241144
MMP1324,formate_vs_phosphate,-0.367250916400135,-1.0945916313134259,0.7273407149132909,12,12,0.020973393986726093,0.09927465234241144
MMP0447,formate_vs_phosphate,-0.43383151922586854,-1.0941009744688661,0.6602694552429975,11,12,0.021056428073080235,0.09927465234241144
MMP0603,formate_vs_phosphate,0.22029032338070365,-0.4788075747648523,0.699097898145556,12,11,0.021058539986090537,0.09927465234241144
MMP1409,formate_vs_phosphate,-0.34823525401354344,0.23453779303367353,-0.582773047047217,12,12,0.0211643814042871,0.09927465234241144
MMP1470,formate_vs_phosphate,-0.5864257323808878,0.02251108319425128,-0.6089368155751391,12,12,0.021449179311369408,0.09989189222152038
MMP0422,formate_vs_phosphate,-0.25873542260303095,0.44799924099063354,-0.7067346635936644,10,11,0.021674201494284395,0.10022396719342855
MMP1547,formate_vs_phosphate,-0.2621061809243567,-0.8279971340608685,0.5658909531365117,12,12,0.02218524580009993,0.1018646497300363
MMP1314,formate_vs_phosphate,-0.4724766391441438,0.43171155838599723,-0.904188197530141,12,12,0.022618712442888204,0.10304095264784824
MMP1300,formate_vs_phosphate,1.1109594586474165,2.7675663907028007,-1.6566069320553842,11,2,0.02275751101424869,0.10304095264784824
MMP1488,formate_vs_phosphate,-0.3243940103340349,0.4167881209208614,-0.7411821312548963,9,11,0.02377877103364364,0.10654541585060984
MMP0596,formate_vs_phosphate,-0.00744197715291442,-0.44010123209074153,0.4326592549378271,12,12,0.023858329316240854,0.10654541585060984
MMP1266,formate_vs_phosphate,-0.4267912860035313,-1.1491134740909423,0.7223221880874111,8,12,0.024156971961949613,0.10714520897408944
MMP1008,formate_vs_phosphate,-0.7521339148560451,0.1100497283943842,-0.8621836432504293,2,7,0.025047296596179835,0.11034349581560306
MMP1245,formate_vs_phosphate,0.8205004848033816,0.30663472554230126,0.5138657592610802,12,12,0.025444541801356323,0.11134121647304913
MMP0393,formate_vs_phosphate,0.18004988862381,-1.3503408145099292,1.5303907031337391,3,5,0.026666181324484083,0.11590900149042414
MMP1113,formate_vs_phosphate,-0.06282584922891986,-0.7571497759579073,0.6943239267289875,12,11,0.027041706787541024,0.11676286639388575
MMP1611,formate_vs_phosphate,-0.4915019881907598,0.36166011059106334,-0.8531620987818231,12,12,0.027649033181377767,0.1182096481034411
MMP0387,formate_vs_phosphate,-1.3578697093713852,0.2567598493893352,-1.6146295587607205,10,9,0.02773938061323081,0.1182096481034411
MMP1415,formate_vs_phosphate,-0.3675190974037403,-0.867368441569193,0.49984934416545274,12,12,0.028397487752030746,0.11992346383863954
MMP0926,formate_vs_phosphate,0.7069126533324779,-0.8575635611513396,1.5644762144838174,2,3,0.028509412415627496,0.11992346383863954
MMP1310,formate_vs_phosphate,0.023986568558722093,-0.80397850498121,0.8279650735399321,12,12,0.02898872117973768,0.1211579885204421
MMP1188,formate_vs_phosphate,-0.5390716534730939,-0.8894610173787751,0.3503893639056812,12,12,0.029479748349659763,0.12176136616606467
MMP1212,formate_vs_phosphate,-1.0552688522930764,-0.2019800847638399,-0.8532887675292365,12,12,0.029669928447684808,0.12176136616606467
MMP1422,formate_vs_phosphate,0.914068809625937,1.6312860267592098,-0.7172172171332728,5,4,0.029693339295098594,0.12176136616606467
MMP1404,formate_vs_phosphate,-0.12040326154627995,-0.5185066686079693,0.3981034070616894,12,12,0.03024704533265524,0.12325670973057011
MMP0154,formate_vs_phosphate,-0.43989645245973186,0.5844371080369395,-1.0243335604966712,9,11,0.03145904803737517,0.12700123420185894
MMP0654,formate_vs_phosphate,-1.012976306117314,-0.611214521696175,-0.4017617844211391,12,12,0.03155552138144348,0.12700123420185894
MMP1433,formate_vs_phosphate,-0.31722658625970557,-0.8442869061584873,0.5270603198987818,12,12,0.031867677869127205,0.12747071147650882
MMP1274,formate_vs_phosphate,-0.8070709546836791,-1.8811774988354655,1.0741065441517863,12,12,0.03253528727628716,0.12794715293194667
MMP0457,formate_vs_phosphate,-0.24548969338500862,-1.1502629729953089,0.9047732796103003,12,12,0.03263973347255123,0.12794715293194667
MMP0875,formate_vs_phosphate,-1.0517540211060625,-2.8342467063727215,1.782492685266659,5,9,0.0327878423524666,0.12794715293194667
MMP1418,formate_vs_phosphate,-0.2305837665768317,-0.7967403752296617,0.56615660865283,12,12,0.032902728947513275,0.12794715293194667
MMP1436,formate_vs_phosphate,-0.025790935118400003,-0.30848794335166135,0.2826970082332613,12,12,0.03296797805608442,0.12794715293194667
MMP1359,formate_vs_phosphate,-0.351477863038788,0.46852202363117496,-0.8199998866699629,11,9,0.033260963829073155,0.12832040483169052
MMP1156,formate_vs_phosphate,0.8163311692548513,0.14451245801019466,0.6718187112446566,12,12,0.034405055428609825,0.13062792736260656
MMP0082,formate_vs_phosphate,-0.4161996878802044,0.21040190850804308,-0.6266015963882474,12,12,0.03449557801216685,0.13062792736260656
MMP1091,formate_vs_phosphate,-0.23927799001087968,0.7858577819016678,-1.0251357719125473,12,6,0.0345540427535492,0.13062792736260656
MMP1716,formate_vs_phosphate,-0.5667423636720951,-0.09973216730950211,-0.46701019636259294,12,12,0.03466047765909653,0.13062792736260656
MMP0164,formate_vs_phosphate,0.2108128372726866,-0.36226220804505904,0.5730750453177457,12,12,0.03493239003376635,0.13089608219549229
MMP0822,formate_vs_phosphate,1.4193655358264492,0.8688916302200588,0.5504739056063904,12,12,0.03567442425748656,0.13223644308097451
MMP0141,formate_vs_phosphate,0.4529203860380205,-0.41012672972302017,0.8630471157610407,11,11,0.03575645767168832,0.13223644308097451
MMP0577,formate_vs_phosphate,0.30381193965727993,-0.9206606438651787,1.2244725835224586,8,12,0.03589854359713572,0.13223644308097451
MMP0542,formate_vs_phosphate,0.8113087172459291,1.6321250564735406,-0.8208163392276114,12,11,0.03667895776836102,0.1336841376587691
MMP1017,formate_vs_phosphate,-0.8481398445285562,-0.009646513305184326,-0.8384933312233719,12,12,0.0367016267498768,0.1336841376587691
MMP0331,formate_vs_phosphate,-0.45274908443354034,-1.362816227680951,0.9100671432474107,10,11,0.03793006945451378,0.13739114046857212
MMP1149,formate_vs_phosphate,0.1018976999935071,-0.59940924732997,0.7013069473234771,12,12,0.0383340687936982,0.13808736383144324
MMP0704,formate_vs_phosphate,0.28770844668532014,0.9517788480035273,-0.6640704013182072,12,12,0.0404690214422558,0.1444048556144947
MMP0345,formate_vs_phosphate,-0.3162725424783768,0.40546982291048567,-0.7217423653888624,11,12,0.04053081070161431,0.1444048556144947
MMP0887,formate_vs_phosphate,-0.3748631937401316,-0.9486885833441495,0.573825389604018,12,6,0.04146047662565775,0.14691429760830899
MMP1146,formate_vs_phosphate,0.14245675563733537,-0.8709260265987779,1.0133827822361132,10,11,0.04317189333595862,0.15172930672902596
MMP1375,formate_vs_phosphate,-1.3827403726995107,-0.5043663414767448,-0.8783740312227659,10,12,0.04349903037576168,0.15172930672902596
MMP0684,formate_vs_phosphate,0.23125208681020426,-0.9812255377218891,1.2124776245320934,11,10,0.043517454537312664,0.15172930672902596
MMP1584,formate_vs_phosphate,-1.1809206948571598,-0.005724158536400052,-1.1751965363207597,10,12,0.044171908259252324,0.15319193715442828
MMP0597,formate_vs_phosphate,0.3433890843777192,-0.05130704625550774,0.39469613063322695,12,12,0.0448266019464753,0.15432653015914716
MMP0539,formate_vs_phosphate,-0.9053445766757213,-0.35372309994364537,-0.551621476732076,12,12,0.045243458502119686,0.15432653015914716
MMP1116,formate_vs_phosphate,-0.2454681609095799,0.04531410053869345,-0.29078226144827335,12,12,0.0453028752698227,0.15432653015914716
MMP0038,formate_vs_phosphate,-0.9536978724544541,1.1684066922645275,-2.1221045647189816,7,2,0.0454458493720188,0.15432653015914716
MMP1562,formate_vs_phosphate,0.5616783251020777,-0.15544040434222794,0.7171187294443057,11,11,0.04637057875400107,0.15665086708605544
MMP1045,formate_vs_phosphate,-0.2419550380479544,-0.6754045235145836,0.4334494854666292,12,12,0.046964936588619,0.15784092090608035
MMP1070,formate_vs_phosphate,-0.1689398026702619,0.45480905901630475,-0.6237488616865666,12,12,0.04732262534002527,0.1582274447266486
MMP1261,formate_vs_phosphate,-1.3558597844749412,-0.4590062982936449,-0.8968534861812962,4,12,0.05008222780114533,0.16660006390993243
MMP0257,formate_vs_phosphate,0.3561205476145768,-0.02628587515102634,0.3824064227656031,12,12,0.05040114846040648,0.16680989236642144
MMP0087,formate_vs_phosphate,0.11727872237248636,0.684190503767859,-0.5669117813953726,11,12,0.050998037250149286,0.1679108611012211
MMP0091,formate_vs_phosphate,0.26789472432322975,1.3134402294753365,-1.0455455051521068,12,10,0.05124886711525,0.1679108611012211
MMP0701,formate_vs_phosphate,0.7116806223473274,-0.5313299448432097,1.2430105671905372,4,3,0.05181462283054387,0.16836418619980612
MMP1697,formate_vs_phosphate,-1.018279712944333,-1.8774532208071535,0.8591735078628204,12,11,0.05190368316895863,0.16836418619980612
MMP1543,formate_vs_phosphate,-0.264654940766138,-0.7588306914266029,0.4941757506604649,12,12,0.05281704544148513,0.1704787803358827
MMP0116,formate_vs_phosphate,0.1871840591045446,1.0147187587544835,-0.8275346996499389,12,12,0.053123437463600424,0.17062306022791862
MMP1223,formate_vs_phosphate,0.3817848157148056,1.7058775106007664,-1.3240926948859608,11,7,0.054113957762666004,0.1729524532414619
MMP0669,formate_vs_phosphate,-0.1326203962476334,-0.6607371310858539,0.5281167348382205,12,12,0.05544209371043654,0.1745468747813687
MMP1411,formate_vs_phosphate,-0.2669197448475052,-0.7181668643142761,0.45124711946677093,12,12,0.05546358110456354,0.1745468747813687
MMP1564,formate_vs_phosphate,0.3300104850113055,-0.16584000537083965,0.4958504903821451,12,12,0.05562925488568275,0.1745468747813687
MMP0157,formate_vs_phosphate,0.05315655173609649,-0.677127900978808,0.7302844527149045,12,9,0.055683665574424376,0.1745468747813687
MMP0081,formate_vs_phosphate,-0.1770592562545148,0.3367245602057562,-0.513783816460271,12,12,0.05624403749255796,0.17545986815860187
MMP0410,formate_vs_phosphate,-0.11689969351278848,1.0313711273051842,-1.1482708208179726,11,4,0.057539997880476895,0.17864799341938542
MMP1030,formate_vs_phosphate,0.18734550704840394,0.9387022834530327,-0.7513567764046288,12,5,0.05825034662442323,0.17999633174940258
MMP0183,formate_vs_phosphate,-0.10204951469773144,0.33632626136596033,-0.43837577606369177,12,12,0.060318526620847364,0.18550792149430415
MMP0181,formate_vs_phosphate,-0.05134660494120504,0.6621335931565421,-0.7134801980977471,11,8,0.060950442188178015,0.1865713066041881
MMP0817,formate_vs_phosphate,1.6520034962494623,0.9456686022700639,0.7063348939793984,12,12,0.06375392683944359,0.19424093597811784
MMP0550,formate_vs_phosphate,-0.8704885957793024,0.22315787283953697,-1.0936464686188394,11,11,0.06767917781572826,0.20455588434809843
MMP0373,formate_vs_phosphate,0.8319620341824542,-0.07909317564320513,0.9110552098256594,12,10,0.06776698009078107,0.20455588434809843
MMP1161,formate_vs_phosphate,-0.5971958500738647,1.378277785435989,-1.9754736355098537,11,3,0.07188162666377418,0.21474290391076895
MMP1537,formate_vs_phosphate,0.49904515637411184,1.0652332645787776,-0.5661881082046658,11,6,0.07191087001653611,0.21474290391076895
MMP0151,formate_vs_phosphate,-0.5886706343937833,0.4477232639028266,-1.0363938982966099,5,7,0.0721299017737092,0.21474290391076895
MMP1016,formate_vs_phosphate,1.1742176250797731,0.5826661189554687,0.5915515061243044,12,12,0.07330020569659954,0.21644253852049483
MMP0278,formate_vs_phosphate,0.01939606609454002,-0.568209002464296,0.587605068558836,12,12,0.07336472548010638,0.21644253852049483
MMP0411,formate_vs_phosphate,2.6969839746129614,0.35595917092485735,2.341024803688104,2,5,0.07387425101411749,0.21696401649191263
MMP1712,formate_vs_phosphate,-0.35761430124179955,0.07797318991576198,-0.4355874911575615,12,12,0.07484715049932793,0.2188356149128332
MMP0919,formate_vs_phosphate,0.7703500830156673,-0.09908582677571368,0.869435909791381,6,5,0.07584129811837932,0.22002047131387734
MMP1135,formate_vs_phosphate,1.3756460105212214,0.34263457684241405,1.0330114336788072,5,9,0.07626068865605562,0.22002047131387734
MMP0166,formate_vs_phosphate,-0.8195888558915626,-0.17240749609915113,-0.6471813597924114,11,10,0.07626476459652803,0.22002047131387734
MMP0630,formate_vs_phosphate,1.5701807328354553,0.5192185736988137,1.0509621591366416,8,6,0.07670527369405934,0.2202748991348937
MMP0965,formate_vs_phosphate,-0.7328821151487753,-0.07940503542761165,-0.6534770797211636,12,12,0.0770286457097481,0.2202748991348937
MMP0651,formate_vs_phosphate,0.967094220275126,0.2844236407713514,0.6826705795037746,12,11,0.07949548421872782,0.2253735794190098
MMP0348,formate_vs_phosphate,-0.7163555990513997,0.49590355237720535,-1.212259151428605,5,5,0.07950294979504947,0.2253735794190098
MMP0640,formate_vs_phosphate,-0.2803866682748707,-0.7944187295422903,0.5140320612674196,12,12,0.08066312418489499,0.2274441520932074
MMP1168,formate_vs_phosphate,0.08121031397209227,-0.3227020706033026,0.40391238457539486,12,12,0.08093104798408607,0.2274441520932074
MMP1487,formate_vs_phosphate,0.48279064638992597,-0.4925573563192283,0.9753480027091543,4,2,0.08150781296903398,0.22808194873738263
MMP1373,formate_vs_phosphate,-0.002384040198020206,0.27283800260448016,-0.27522204280250034,12,12,0.08236138428531847,0.22948556647020363
MMP0925,formate_vs_phosphate,-0.29369671336006536,0.3277586949510967,-0.6214554083111621,11,12,0.0836285831040998,0.2320248348249918
MMP0983,formate_vs_phosphate,-0.06835637676929357,-0.6447188772573801,0.5763625004880866,12,12,0.08434359288920583,0.23301704476170423
MMP0715,formate_vs_phosphate,-0.6109415438841308,-0.08642827078853056,-0.5245132730956003,4,8,0.08556582064519994,0.23458505528948656
MMP0203,formate_vs_phosphate,0.8992288252162619,-0.25669870175159415,1.1559275269678562,6,4,0.0856307410412543,0.23458505528948656
MMP1408,formate_vs_phosphate,-0.13271991453539503,-0.3627208456252821,0.2300009310898871,12,12,0.0866673305787933,0.23573336088257923
MMP1120,formate_vs_phosphate,-0.4815667647976789,0.24524254238127421,-0.7268093071789531,8,6,0.08677301627579603,0.23573336088257923
MMP1325,formate_vs_phosphate,-0.30130248677053545,-0.8188740466374361,0.5175715598669006,12,12,0.08717369341715214,0.23583920376756515
MMP0034,formate_vs_phosphate,-0.16577609152503753,0.782258733353949,-0.9480348248789865,11,8,0.08804325169977127,0.23709644122358942
MMP1496,formate_vs_phosphate,-1.2354149949173197,-0.6276101318070283,-0.6078048631102914,12,11,0.08854009724582303,0.23709644122358942
MMP1694,formate_vs_phosphate,0.785015938025499,-2.2151679409553715,3.0001838789808706,2,5,0.08872934303459482,0.23709644122358942
MMP0489,formate_vs_phosphate,0.4530162108257854,1.2239686320384695,-0.7709524212126841,10,11,0.08926486539746967,0.23755384587408254
MMP0902,formate_vs_phosphate,-0.5190386508873068,0.5624601005290747,-1.0814987514163814,10,3,0.09177730577035284,0.2423432173105334
MMP1167,formate_vs_phosphate,0.5267742701785989,1.3662157201000962,-0.8394414499214973,12,8,0.09180793661917445,0.2423432173105334
MMP1315,formate_vs_phosphate,-0.5707581896055556,-0.15348609906439303,-0.41727209054116254,10,11,0.09265194657422225,0.24246612474862622
MMP0487,formate_vs_phosphate,0.220619935321338,-0.7128649001904558,0.9334848355117937,9,9,0.09278508636566814,0.24246612474862622
MMP0397,formate_vs_phosphate,-0.44605267707070767,0.05070850862298368,-0.4967611856936913,12,12,0.09297013985760208,0.24246612474862622
MMP1520,formate_vs_phosphate,-0.11469405518714387,0.7207543218108864,-0.8354483769980303,11,10,0.09533903137686059,0.2470746285716671
MMP1169,formate_vs_phosphate,0.20188615435896676,-0.09301669584650536,0.29490285020547213,12,12,0.09555561757349576,0.2470746285716671
MMP0867,formate_vs_phosphate,-1.4409529349318426,0.014928222793337803,-1.4558811577251805,5,2,0.0958740506574107,0.2470746285716671
MMP0923,formate_vs_phosphate,0.2504828176901241,0.7886405115618064,-0.5381576938716823,12,12,0.09665314664623881,0.2481017780053059
MMP0688,formate_vs_phosphate,-0.43493055984078893,0.20915386061262406,-0.644084420453413,11,12,0.09737906009580545,0.24877793061322284
MMP1253,formate_vs_phosphate,0.14137520441220433,-1.2581726402255562,1.3995478446377605,6,4,0.09767967827758443,0.24877793061322284
MMP1186,formate_vs_phosphate,0.5875154612397017,0.16618320789172786,0.4213322533479738,12,11,0.09916224427434533,0.25156650518438084
MMP1410,formate_vs_phosphate,-0.44838082752077285,-1.134953056705913,0.6865722291851402,12,12,0.09954625511897279,0.25156650518438084
MMP0917,formate_vs_phosphate,-0.14538473655499531,0.2219865639795027,-0.367371300534498,12,11,0.10080146944056231,0.25228440868050206
MMP0964,formate_vs_phosphate,1.767031399564519,0.45288808064203645,1.3141433189224827,4,2,0.10083452870900358,0.25228440868050206
MMP0256,formate_vs_phosphate,2.544336314523347,0.576389569503471,1.967946745019876,3,3,0.10134030499260673,0.25228440868050206
MMP0267,formate_vs_phosphate,0.9619943455417862,-0.10063266874869825,1.0626270142904843,7,3,0.10137809060474162,0.25228440868050206
MMP0358,formate_vs_phosphate,-0.0999913631813222,1.1545633778417435,-1.2545547410230657,9,4,0.10215356371937911,0.2532476180419589
MMP1320,formate_vs_phosphate,-0.20443729011853431,0.1528949529940636,-0.3573322431125979,12,12,0.10286733259917079,0.2540511396009824
MMP1662,formate_vs_phosphate,0.4816887981402606,-0.28052762482113347,0.7622164229613941,11,10,0.1039343174427255,0.2557176414062529
MMP1369,formate_vs_phosphate,-0.19672315756322314,-0.48996174078967075,0.2932385832264476,12,12,0.10445298582077363,0.25602761938024216
MMP1323,formate_vs_phosphate,-0.2108688772987256,0.24076657742138008,-0.4516354547201057,12,12,0.10627127275557083,0.2595088757926299
MMP1271,formate_vs_phosphate,0.34639776989869353,-0.7453098613446113,1.0917076312433047,9,11,0.10709863594181625,0.26055339788829923
MMP1464,formate_vs_phosphate,0.2949510240154686,-0.9659005919774765,1.260851615992945,7,2,0.1080052226558419,0.261782175359141
MMP0978,formate_vs_phosphate,-0.027541354157967008,0.5599421302217912,-0.5874834843797582,12,11,0.11279050511481081,0.2723681827216913
MMP1720,formate_vs_phosphate,0.20128233509356908,1.1328600448595247,-0.9315777097659557,12,9,0.11349571057440573,0.2730597907546588
MMP1270,formate_vs_phosphate,0.6368276453961439,1.4763070067755026,-0.8394793613793587,10,8,0.1149131477669755,0.2754535747943678
MMP0132,formate_vs_phosphate,-0.14579032172034692,0.25542179063185505,-0.401212112352202,11,12,0.11659305367990623,0.2774981771773443
MMP0284,formate_vs_phosphate,0.23280732302316554,-0.7382327263561175,0.971040049379283,6,6,0.1166939927888512,0.2774981771773443
MMP1513,formate_vs_phosphate,0.9882377526513307,2.603856748467224,-1.6156189958158933,10,9,0.11704294282786763,0.2774981771773443
MMP1368,formate_vs_phosphate,-0.5554968098046398,-0.8021778462507599,0.24668103644612016,12,12,0.12054916697130605,0.2837504107346269
MMP0431,formate_vs_phosphate,-0.4710870560877794,0.6542441341356794,-1.1253311902234588,10,5,0.12088826384075874,0.2837504107346269
MMP1002,formate_vs_phosphate,0.6983077497522279,-0.2475508220216988,0.9458585717739267,10,4,0.12098560457703417,0.2837504107346269
MMP0985,formate_vs_phosphate,-0.10250822175564561,-0.7561071106972491,0.6535988889416036,12,12,0.12162226192787752,0.2842211999174772
MMP0829,formate_vs_phosphate,-0.42766110950721026,-0.9714995679917475,0.5438384584845373,11,10,0.12491611204841135,0.29087608948415783
MMP1249,formate_vs_phosphate,0.25623405063866683,-0.15609417065577216,0.412328221294439,12,12,0.12673516326191892,0.29406165995292216
MMP0002,formate_vs_phosphate,-1.3356767925706303,0.09934521707121946,-1.4350220096418498,7,3,0.1276690302635972,0.29517804160235944
MMP1155,formate_vs_phosphate,1.4206892590957076,2.3511337682355067,-0.930444509139799,12,8,0.13013591919241152,0.29981844280371844
MMP1420,formate_vs_phosphate,-0.19780647650200758,-0.5718687625045665,0.374062286002559,12,12,0.1328822317168124,0.3047727645126885
MMP1515,formate_vs_phosphate,-0.39203764085922915,-0.6712673714934612,0.279229730634232,12,12,0.13327049023275697,0.3047727645126885
MMP1069,formate_vs_phosphate,-0.04208098386957917,0.6633942136516955,-0.7054751975212746,5,9,0.13391713440683203,0.3047727645126885
MMP1465,formate_vs_phosphate,0.8578903525823728,0.4045412083131647,0.4533491442692081,10,12,0.13415610953242577,0.3047727645126885
MMP0049,formate_vs_phosphate,0.8910130432370964,-0.729969407480805,1.6209824507179014,4,2,0.13493618272404426,0.30548052477804466
MMP0260,formate_vs_phosphate,-0.25256592896651403,-0.541462671166446,0.28889674219993194,12,12,0.13670688051848512,0.30841829099672075
MMP0818,formate_vs_phosphate,1.3401796155478334,2.5137311829260804,-1.173551567378247,8,10,0.13756980111044145,0.3092948631862339
MMP1668,formate_vs_phosphate,-0.8797882090511554,-0.3024575290607406,-0.5773306799904148,12,12,0.13818160165697488,0.30960276384999186
MMP1634,formate_vs_phosphate,0.9091111716875292,1.9767351050013375,-1.0676239333138082,12,10,0.13907377171687105,0.3105345861623285
MMP1354,formate_vs_phosphate,0.990297822189952,-0.3683552269700261,1.3586530491599782,7,4,0.14000347252664738,0.31154356343813683
MMP0262,formate_vs_phosphate,-1.5543784857305574,-0.8395608649996518,-0.7148176207309056,5,5,0.14255632245005506,0.3160940502794927
MMP1122,formate_vs_phosphate,-0.7059732851544056,-1.0706879474893485,0.3647146623349429,12,12,0.143018013546703,0.3160940502794927
MMP0050,formate_vs_phosphate,-0.48179233445250697,-0.6578286886633432,0.17603635421083624,12,12,0.14393688252239142,0.317050160150673
MMP1445,formate_vs_phosphate,-0.049085291482178675,-0.8772492889902245,0.8281639975080458,8,7,0.14666139155063285,0.32196372825256775
MMP0453,formate_vs_phosphate,0.1285605613551249,0.8721442768533311,-0.7435837154982061,7,4,0.1486015752482975,0.3240726913909104
MMP0959,formate_vs_phosphate,0.5083228202788368,1.1372752080615507,-0.6289523877827139,8,3,0.14861615755503407,0.3240726913909104
MMP1606,formate_vs_phosphate,1.530446516255864,1.3520393035553588,0.1784072127005052,2,2,0.15039045679504873,0.3268485927679059
MMP1138,formate_vs_phosphate,0.3040078620948936,-0.11251465097148088,0.4165225130663745,9,10,0.15174137009927452,0.3278826500735656
MMP0059,formate_vs_phosphate,-0.43030162920539644,-0.04084613917308297,-0.3894554900323135,12,12,0.15204310260831666,0.3278826500735656
MMP0608,formate_vs_phosphate,0.24797850462068105,0.7208603109687396,-0.47288180634805854,11,9,0.1523749125341877,0.3278826500735656
MMP0179,formate_vs_phosphate,-0.5957678995230485,-0.21865802793616262,-0.3771098715868859,12,12,0.1544763385199633,0.33131109445728973
MMP0937,formate_vs_phosphate,-1.2881104664525025,-0.5535466235832878,-0.7345638428692147,8,6,0.15583205747698803,0.33234386217930867
MMP1176,formate_vs_phosphate,-1.581857264367525,-0.6101547303480804,-0.9717025340194446,10,12,0.15597733409028905,0.33234386217930867
MMP0901,formate_vs_phosphate,0.306843613723297,-0.30014684844217754,0.6069904621654745,12,12,0.15690320185852943,0.33322764694384754
MMP0298,formate_vs_phosphate,-0.0053936237770275675,-0.518214079892685,0.5128204561156574,12,12,0.1578736876212915,0.3338129363044957
MMP0443,formate_vs_phosphate,-0.4366419357110562,-0.15089953460046604,-0.2857424011105901,12,12,0.15820275662283614,0.3338129363044957
MMP1112,formate_vs_phosphate,-1.0488750720998712,-0.42142412482776653,-0.6274509472721046,4,6,0.1587659882982152,0.333920723775601
MMP0585,formate_vs_phosphate,0.6953562524305451,0.39705620084598287,0.29830005158456224,12,12,0.16201367042642847,0.33965566918981144
MMP0330,formate_vs_phosphate,-0.8454118902787364,-0.23487209120746794,-0.6105397990712684,2,5,0.164941930873989,0.3436711431341077
MMP1054,formate_vs_phosphate,0.4002974501874466,-0.053385695136271394,0.453683145323718,12,12,0.16559208610771436,0.3436711431341077
MMP1681,formate_vs_phosphate,0.08431301984478937,-0.5288341801076174,0.6131471999524067,10,10,0.1669575691840322,0.3436711431341077
MMP1255,formate_vs_phosphate,-1.1446676264330296,-0.2466319158085608,-0.8980357106244687,5,10,0.16719906811497023,0.3436711431341077
MMP0420,formate_vs_phosphate,0.44141714047233216,-0.016883072425720656,0.45830021289805284,12,11,0.1675052915474843,0.3436711431341077
MMP1523,formate_vs_phosphate,-0.15661077785143007,0.2432101694301264,-0.3998209472815565,11,8,0.16751233921760475,0.3436711431341077
MMP0227,formate_vs_phosphate,0.364902604108601,0.1079377324225534,0.2569648716860476,12,12,0.16761874772491756,0.3436711431341077
MMP1129,formate_vs_phosphate,-0.4490907325494966,-1.036101490382945,0.5870107578334485,11,12,0.17010830939937796,0.3476821872363462
MMP0369,formate_vs_phosphate,-0.4793420569672027,-0.8746571810061258,0.39531512403892305,12,12,0.17307061653166703,0.3526313811832716
MMP0946,formate_vs_phosphate,-0.11238030709663564,-0.4960594348061101,0.38367912770947443,12,12,0.17453062008242062,0.35449833113314094
MMP1646,formate_vs_phosphate,-0.6111216049847576,0.008243277232000922,-0.6193648822167586,11,5,0.17966623343425528,0.36379622422091445
MMP0289,formate_vs_phosphate,0.5605759066266615,-0.4824468079720172,1.0430227145986786,6,12,0.18172098858996386,0.3668175992589982
MMP0052,formate_vs_phosphate,-0.06991516213689015,0.4943366213601757,-0.5642517834970658,12,12,0.18335476715118554,0.3689419964360294
MMP0214,formate_vs_phosphate,0.056142133871390644,-0.34545879211533864,0.4016009259867293,6,12,0.18390513626029073,0.3689419964360294
MMP0413,formate_vs_phosphate,0.29776037393049737,-0.027941212368324937,0.3257015862988223,12,12,0.18459758628645104,0.3691951725729021
MMP1392,formate_vs_phosphate,0.40898818873588366,0.8626830561638882,-0.4536948674280045,12,12,0.1865746929065127,0.37183423987029424
MMP1424,formate_vs_phosphate,0.479931462903981,0.7842332808348792,-0.3043018179308982,12,12,0.18736478735578083,0.37183423987029424
MMP1614,formate_vs_phosphate,0.8116602523551235,-0.28335196302300475,1.0950122153781283,4,2,0.18818427906982163,0.37183423987029424
MMP1372,formate_vs_phosphate,0.12456252516721747,0.8369590760038716,-0.7123965508366542,8,8,0.1881983115907931,0.37183423987029424
MMP1586,formate_vs_phosphate,-0.1443985365979465,0.22672859238852938,-0.3711271289864759,12,12,0.18946791914011815,0.37321173196180374
MMP1658,formate_vs_phosphate,-0.2908771863984453,-0.5734151227843589,0.2825379363859136,12,12,0.1953955737075895,0.38372865679924206
MMP1181,formate_vs_phosphate,-0.6810549597529387,-0.02312188811149604,-0.6579330716414427,9,12,0.19637025386753115,0.3844847012661571
MMP0610,formate_vs_phosphate,-0.561140091580066,0.4533888255129046,-1.0145289170929706,9,3,0.2008720643880436,0.39212151491318686
MMP1114,formate_vs_phosphate,0.2180824787397004,-0.42712191076656686,0.6452043895062672,8,5,0.20148837547961956,0.3921505098886924
MMP0346,formate_vs_phosphate,0.06862774773548612,0.3232868087994188,-0.25465906106393266,12,12,0.20436408878507764,0.3965636484758054
MMP1451,formate_vs_phosphate,-1.4052259473686113,-0.5471119204168523,-0.858114026951759,5,2,0.20512227478099876,0.39677252188585566
MMP1152,formate_vs_phosphate,-0.917197903265917,-0.3436737740348299,-0.5735241292310871,11,11,0.20568882269542824,0.39677252188585566
MMP0405,formate_vs_phosphate,-0.36192424428326425,0.6087098830024286,-0.9706341272856929,11,5,0.2142059082915778,0.4116336209600268
MMP1510,formate_vs_phosphate,-0.22798341513945083,-0.6311162944966692,0.4031328793572183,12,12,0.2146555692122839,0.4116336209600268
MMP0341,formate_vs_phosphate,-0.6548277900480348,-0.1430690937717469,-0.5117586962762879,12,11,0.217674796801397,0.416199318224372
MMP1003,formate_vs_phosphate,0.5470798760249166,0.10853100471721158,0.43854887130770503,9,8,0.2187877480755537,0.41654281358345724
MMP1492,formate_vs_phosphate,0.23896386235033282,-1.2594662056021972,1.49843006795253,3,10,0.21913218567350587,0.41654281358345724
MMP0821,formate_vs_phosphate,0.9082312972929679,1.332811891905338,-0.4245805946123701,12,12,0.2217863997977999,0.41807445719722397
MMP1043,formate_vs_phosphate,-0.5275897963493003,-0.8981781042877381,0.3705883079384379,12,12,0.221836976852132,0.41807445719722397
MMP1218,formate_vs_phosphate,-0.08258681290186215,0.1863184285126507,-0.2689052414145129,12,12,0.22213138209220926,0.41807445719722397
MMP0516,formate_vs_phosphate,0.1783008314273002,-0.23954484807134618,0.41784567949864637,5,7,0.22250281694392135,0.41807445719722397
MMP0566,formate_vs_phosphate,-0.8317691787320213,0.7985866304830502,-1.6303558092150716,2,2,0.2270488289466751,0.42539033469319587
MMP0955,formate_vs_phosphate,-1.2287553559958255,-1.7257380272447527,0.49698267124892714,10,10,0.23022246781333702,0.4294211901012262
MMP1498,formate_vs_phosphate,-1.165620497004194,-0.3975645405040674,-0.7680559565001265,9,7,0.23051751002366438,0.4294211901012262
MMP1289,formate_vs_phosphate,-0.18441830804659784,-0.45002661620196677,0.26560830815536896,12,12,0.23936286760521952,0.4446284606228009
MMP1072,formate_vs_phosphate,-0.9307038498523256,-0.3204149988641982,-0.6102888509881274,7,9,0.2499014048466034,0.46260849605167426
MMP0706,formate_vs_phosphate,-0.02561056179629483,-0.5252260959986924,0.49961553420239757,3,6,0.25046134832245553,0.46260849605167426
MMP0830,formate_vs_phosphate,0.16655778604990343,0.714989695526218,-0.5484319094763146,12,11,0.2512994260382981,0.46284527055641345
MMP0092,formate_vs_phosphate,-0.06882513632232369,0.1399809440535223,-0.20880608037584597,12,12,0.2531137825401999,0.4648737639893249
MMP0623,formate_vs_phosphate,0.8331927003643603,0.5771134025410819,0.25607929782327843,12,12,0.25635319436124687,0.46950079416722745
MMP1416,formate_vs_phosphate,-0.44802916795778,-0.6934880643334046,0.24545889637562462,12,12,0.25879745509979285,0.47264969390774497
MMP1041,formate_vs_phosphate,-0.2686521575369247,0.10907848532323812,-0.3777306428601628,12,12,0.260250219205206,0.47374246567334627
MMP0080,formate_vs_phosphate,-0.22442837418918113,-0.4486187161450592,0.2241903419558781,12,12,0.26113942748897734,0.47374246567334627
MMP1509,formate_vs_phosphate,-0.04900414936158778,-0.3114353391086124,0.2624311897470246,12,12,0.26157559454356544,0.47374246567334627
MMP1175,formate_vs_phosphate,-0.2537369711789293,-0.8712779667008186,0.6175409955218893,5,9,0.2647199624576748,0.4781091842725872
MMP0427,formate_vs_phosphate,0.2677013558037365,0.5682842165450608,-0.3005828607413243,12,12,0.26625383798305285,0.47832135673447995
MMP1213,formate_vs_phosphate,-1.1984476900739913,-0.7519075051982324,-0.44654018487575897,12,12,0.26630468174020894,0.47832135673447995
MMP1442,formate_vs_phosphate,-0.20272753028779142,-0.5937311611589859,0.3910036308711945,5,4,0.27238465220015556,0.4866446965148343
MMP1679,formate_vs_phosphate,-0.8776901360727749,-0.34443547469195873,-0.5332546613808162,11,9,0.2725255799178827,0.4866446965148343
MMP1159,formate_vs_phosphate,1.6637449135337736,0.14505513806331916,1.5186897754704545,10,2,0.27354530812416283,0.4866446965148343
MMP1362,formate_vs_phosphate,-0.13596516575378145,-0.32942316093489343,0.19345799518111198,12,12,0.2739242386824297,0.4866446965148343
MMP0602,formate_vs_phosphate,0.19922476011284423,0.7360116800631786,-0.5367869199503343,9,7,0.2774761859973454,0.4916154164952968
MMP1177,formate_vs_phosphate,-0.004725097752457049,-0.5083473179874275,0.5036222202349705,9,12,0.28075769503444226,0.49608134732373
MMP1050,formate_vs_phosphate,-0.40221715532877855,-0.19541075910239458,-0.20680639622638397,12,12,0.2867749676944937,0.5048664021542297
MMP0025,formate_vs_phosphate,-0.5485380916164108,-0.8694348231185837,0.3208967315021729,12,12,0.2872782748454283,0.5048664021542297
MMP1370,formate_vs_phosphate,-0.32008493990726605,-0.445131527168056,0.12504658726078993,12,12,0.28844742311192134,0.5055583867445502
MMP0656,formate_vs_phosphate,-0.1202123233027911,0.674323094375671,-0.794535417678462,9,6,0.2907510249243895,0.5067981038319876
MMP1589,formate_vs_phosphate,-0.5514343613187926,-0.15250030595370326,-0.3989340553650894,12,12,0.2911386452796997,0.5067981038319876
MMP0893,formate_vs_phosphate,-0.32758976644793897,0.21742788372779456,-0.5450176501757336,11,12,0.2914866394739193,0.5067981038319876
MMP0125,formate_vs_phosphate,0.5578060691788201,0.9575263422813568,-0.39972027310253666,12,11,0.2933638334835854,0.5069413055232992
MMP0584,formate_vs_phosphate,0.06435595762736726,-0.22638341106683002,0.29073936869419725,12,12,0.29408363403903737,0.5069413055232992
MMP1453,formate_vs_phosphate,0.4018296670527094,-0.09191631224544135,0.49374597929815073,5,6,0.2946734383424756,0.5069413055232992
MMP0044,formate_vs_phosphate,0.11413503694430406,0.329652034468501,-0.21551699752419695,12,12,0.2946790717689116,0.5069413055232992
MMP1241,formate_vs_phosphate,0.11835763851333184,-0.3013736305551752,0.419731269068507,9,4,0.29696467945325966,0.5091903013671333
MMP1260,formate_vs_phosphate,-0.9204699870298915,-1.2691306592018237,0.3486606721719322,12,12,0.29766440272891115,0.5091903013671333
MMP0636,formate_vs_phosphate,1.2498368936192443,0.7877308599022762,0.4621060337169681,12,9,0.2983292869973081,0.5091903013671333
MMP0940,formate_vs_phosphate,-0.15605329267697743,-0.5318731257738407,0.3758198330968633,12,6,0.2992112122170671,0.5093621680562082
MMP1308,formate_vs_phosphate,-0.18504439391163566,-0.44699273972915093,0.26194834581751525,12,12,0.3026982091710235,0.5139563343216337
MMP0042,formate_vs_phosphate,0.028073938168585156,0.3100344429563578,-0.2819605047877726,11,12,0.30379450359541377,0.5144779645304149
MMP0645,formate_vs_phosphate,-0.13537024443757315,0.22961596718636754,-0.3649862116239407,12,11,0.30774082002574543,0.5198109187999638
MMP0013,formate_vs_phosphate,0.1685496210293281,0.6060079448896947,-0.43745832386036654,11,10,0.3090707166353388,0.5199896913798436
MMP0317,formate_vs_phosphate,-0.12035448031653884,-0.25926449281387215,0.1389100124973333,12,12,0.3094808931156277,0.5199896913798436
MMP0831,formate_vs_phosphate,-0.24295324438653548,-0.5803404053316698,0.33738716094513427,7,12,0.31023924838459993,0.5199896913798436
MMP1592,formate_vs_phosphate,-0.5461432844418905,0.23769105121439674,-0.7838343356562872,8,3,0.3116514930740256,0.521017367908371
MMP0041,formate_vs_phosphate,0.19793749259256055,0.005701869636751317,0.19223562295580923,12,12,0.31317404874090443,0.5222237334503061
MMP1011,formate_vs_phosphate,-0.27516956038566215,-0.5989690314099162,0.32379947102425405,12,12,0.31482385838032184,0.5236356011835965
MMP0234,formate_vs_phosphate,0.7044810996806278,0.5039199489559795,0.2005611507246483,12,12,0.3182000288588345,0.5279043735775066
MMP0309,formate_vs_phosphate,-0.43529079119369524,-0.13833988941989706,-0.2969509017737982,12,12,0.31974527406834363,0.5291216210471068
MMP1652,formate_vs_phosphate,0.5533533580363563,-0.2798531015704932,0.8332064596068496,5,8,0.3233104958128925,0.5336669449873567
MMP1396,formate_vs_phosphate,-0.7602833597614064,-0.1397732338039696,-0.6205101259574368,3,4,0.3284148444147369,0.5388120093493194
MMP0148,formate_vs_phosphate,-1.5077786390076888,-2.0496509091466506,0.5418722701389618,11,12,0.32890377590141895,0.5388120093493194
MMP0392,formate_vs_phosphate,-0.7039804732352367,-0.30215335261764464,-0.40182712061759207,12,10,0.3289067173635416,0.5388120093493194
MMP1178,formate_vs_phosphate,-0.15419511614592252,0.14865811729374118,-0.3028532334396637,11,12,0.3304517183731913,0.539986266614839
MMP0894,formate_vs_phosphate,-0.011119816205888708,-0.17601596758294594,0.16489615137705724,12,12,0.3329290885315066,0.5426744143063558
MMP1480,formate_vs_phosphate,-0.4480654803037152,0.03487531824198099,-0.48294079854569616,10,7,0.3368766550400589,0.5477395987184998
MMP0051,formate_vs_phosphate,-0.7393324993392169,-0.9707653362187799,0.23143283687956306,12,12,0.3377616631609678,0.5478124487088333
MMP1230,formate_vs_phosphate,0.24631931119914383,-0.28137381927973754,0.5276931304788813,3,2,0.34271745940070436,0.554470926871611
MMP0079,formate_vs_phosphate,-0.04654307012187355,-0.531084375192054,0.48454130507018045,10,10,0.3451269010530431,0.5569869789271884
MMP1624,formate_vs_phosphate,-0.149010027427958,0.39893537150682756,-0.5479453989347856,10,8,0.3460777647212178,0.5571424755511951
MMP0979,formate_vs_phosphate,0.04208631384206222,0.32939983418040303,-0.2873135203383408,12,12,0.34748120620976286,0.5580240060314419
MMP0702,formate_vs_phosphate,0.4922934259463174,0.014928222793337803,0.4773652031529796,10,2,0.34937673215699366,0.5596895070426533
MMP0879,formate_vs_phosphate,-0.2971289939277291,-0.007985374728020592,-0.28914361919970855,12,12,0.3514499059658305,0.5616307320826506
MMP1033,formate_vs_phosphate,0.15252366361148043,0.6812130001475927,-0.5286893365361123,11,11,0.3525984141966826,0.5618757337533247
MMP1429,formate_vs_phosphate,0.06098068626134384,-0.21828639052916501,0.2792670767905089,12,12,0.3534240367519772,0.5618757337533247
MMP1473,formate_vs_phosphate,0.1457197310068574,-0.3144165512168705,0.46013628222372793,5,4,0.354188537688062,0.5618757337533247
MMP0526,formate_vs_phosphate,-0.9584082747414701,-0.5676996542416256,-0.39070862049984445,3,3,0.35712031161904745,0.5651515611058712
MMP0626,formate_vs_phosphate,-0.1651373859440979,-0.4659005928650287,0.30076320692093084,12,2,0.358507187546575,0.565972606005731
MMP1635,formate_vs_phosphate,1.6562755727315475,1.1986450715212966,0.45763050121025084,11,8,0.36036128570341774,0.5673196919233487
MMP0683,formate_vs_phosphate,0.28983568654289615,-0.07409862866770062,0.36393431521059677,9,8,0.36110072415366523,0.5673196919233487
MMP1319,formate_vs_phosphate,0.05760917754437731,-0.1466222613627885,0.2042314389071658,12,12,0.36309986739735345,0.5690892152477751
MMP0221,formate_vs_phosphate,0.8443513616567361,0.06386701768233354,0.7804843439744026,2,3,0.3677720730528165,0.5744152502522141
MMP0135,formate_vs_phosphate,-0.35957891227756594,-0.18609457532969018,-0.17348433694787577,12,12,0.36826008375065256,0.5744152502522141
MMP1053,formate_vs_phosphate,0.5645378739235893,0.2905067261049801,0.27403114781860927,12,12,0.3709877827993393,0.5754025549280125
MMP0063,formate_vs_phosphate,0.020227249401567886,1.2371743405788747,-1.2169470911773068,7,3,0.3712337059266874,0.5754025549280125
MMP1367,formate_vs_phosphate,-0.19000834565873184,-0.4049792516960298,0.21497090603729793,11,12,0.3715406067863394,0.5754025549280125
MMP1500,formate_vs_phosphate,0.04784782580841626,0.15449029386392274,-0.10664246805550648,12,12,0.3794693999000629,0.5862892150114716
MMP1317,formate_vs_phosphate,0.622965666007644,0.10820206505161092,0.5147636009560331,11,5,0.38513649732715705,0.593638289024365
MMP0638,formate_vs_phosphate,1.05844086615246,1.6606267251739542,-0.6021858590214941,11,3,0.3888291759090382,0.5979165629544644
MMP1210,formate_vs_phosphate,0.426262816388119,-0.1701863645302498,0.5964491809183688,8,10,0.39105120661089277,0.5999185569654166
MMP1044,formate_vs_phosphate,-0.04424479818297533,-0.25865767834669434,0.214412880163719,12,12,0.39311498682327106,0.6016689469689501
MMP0308,formate_vs_phosphate,0.8247247430957945,1.0173959863487871,-0.19267124325299267,12,11,0.39820250397988954,0.6034864354327135
MMP0251,formate_vs_phosphate,-0.32431495891460804,-0.16072486410538425,-0.1635900948092238,12,12,0.3991547406325766,0.6034864354327135
MMP0658,formate_vs_phosphate,0.42617715909501835,0.6156418180575233,-0.18946465896250492,12,12,0.39921735616902676,0.6034864354327135
MMP1251,formate_vs_phosphate,0.2970238549361311,0.11167237758038923,0.18535147735574187,12,12,0.399574290596036,0.6034864354327135
MMP0500,formate_vs_phosphate,0.48066274004561527,-0.06578014100911245,0.5464428810547277,7,12,0.40048736927099793,0.6034864354327135
MMP1151,formate_vs_phosphate,-1.082941531174429,-1.383484171102697,0.300542639928268,12,10,0.4005202289021401,0.6034864354327135
MMP1588,formate_vs_phosphate,-0.6173308642262315,-0.3960696512788042,-0.2212612129474273,12,12,0.40117164548538176,0.6034864354327135
MMP0834,formate_vs_phosphate,0.23168976591301493,-0.5914433024050447,0.8231330683180597,3,7,0.4017072284935547,0.6034864354327135
MMP0352,formate_vs_phosphate,0.13917777808214077,-0.29680280318893026,0.43598058127107103,4,9,0.40852400050561766,0.6123164329417533
MMP0061,formate_vs_phosphate,0.4634868619514082,0.009326562046161418,0.45416029990524676,10,8,0.4116504350658172,0.6141803794045365
MMP1525,formate_vs_phosphate,0.33374890872382057,0.8102466719648659,-0.4764977632410453,7,6,0.41165157331254976,0.6141803794045365
MMP1417,formate_vs_phosphate,-0.5109576322464205,-0.6860018750903722,0.1750442428439517,12,12,0.413294351002916,0.6152235544609617
MMP1211,formate_vs_phosphate,-0.6924957797937972,-0.4527835626914194,-0.23971221710237778,12,12,0.4153862357157938,0.6169289878968054
MMP0391,formate_vs_phosphate,-0.6874540539924067,-0.896403998058374,0.20894994406596734,12,12,0.418241857217037,0.6197583884216094
MMP0167,formate_vs_phosphate,0.2707039409281495,0.08245138875975015,0.1882525521683993,12,12,0.4232200949335191,0.6257131562282414
MMP0428,formate_vs_phosphate,-1.9128346879442708,0.2397069878637228,-2.152541675807994,2,3,0.4257362633955645,0.628009148719249
MMP0264,formate_vs_phosphate,-1.3392552580695898,-0.9809321231351866,-0.35832313493440315,4,3,0.42690933235370804,0.62824200590838
MMP0108,formate_vs_phosphate,0.32639335291680444,0.5431428810189923,-0.2167495281021879,12,12,0.42782124328730164,0.62824200590838
MMP0591,formate_vs_phosphate,-0.27219531283029136,-0.048490294591816155,-0.22370501823847522,10,11,0.4305974115595367,0.6296409832883414
MMP0686,formate_vs_phosphate,0.1712602007249864,0.41406163005825686,-0.24280142933327045,12,12,0.43073217843738165,0.6296409832883414
MMP1647,formate_vs_phosphate,-0.3951411811730962,-0.7059742578813023,0.3108330767082061,12,12,0.4316710422237555,0.6296409832883414
MMP0285,formate_vs_phosphate,-0.5969133449990253,-0.1454139646947809,-0.45149938030424436,11,12,0.4333016418363447,0.6306086394582516
MMP1064,formate_vs_phosphate,-0.6341412424628314,-0.2931694095862688,-0.34097183287656263,7,3,0.44366161924833397,0.642955263274196
MMP0335,formate_vs_phosphate,0.9022169984035853,0.5889298494214513,0.31328714898213395,11,7,0.4437574669837243,0.642955263274196
MMP0593,formate_vs_phosphate,-0.483644214425797,-0.20615722072285161,-0.2774869937029454,12,11,0.44689377339252745,0.6429647523256241
MMP1437,formate_vs_phosphate,-0.8724114940371521,-1.0998017214269546,0.22739022738980252,11,12,0.44790109617672724,0.6429647523256241
MMP1198,formate_vs_phosphate,-0.7608020429104562,-0.4362425760314332,-0.324559466879023,6,2,0.4480122115633258,0.6429647523256241
MMP0178,formate_vs_phosphate,0.20983980460524965,-0.06916697272075652,0.27900677732600615,12,12,0.4480137063140861,0.6429647523256241
MMP1623,formate_vs_phosphate,-0.21252871758333977,0.3403020898077747,-0.5528308073911145,10,3,0.44869472746650146,0.6429647523256241
MMP1721,formate_vs_phosphate,0.8227811309072585,1.1149362148180162,-0.29215508391075773,11,9,0.4523562016822996,0.6467900076685512
MMP0898,formate_vs_phosphate,-0.6240411158810741,-0.4628292081931814,-0.16121190768789273,3,2,0.46039756934085985,0.656847298053043
MMP0433,formate_vs_phosphate,0.18801881752490784,-0.025655996270738335,0.21367481379564618,9,5,0.4624367787160626,0.6573094161162983
MMP1670,formate_vs_phosphate,-0.2279938288019944,0.05978111186806686,-0.28777494067006126,12,12,0.462737763799664,0.6573094161162983
MMP1216,formate_vs_phosphate,-0.02638054834833087,-0.21719446080208388,0.190813912453753,12,11,0.4640767159662056,0.6577783017607958
MMP1533,formate_vs_phosphate,-0.346228970567759,-0.12130068003143163,-0.22492829053632735,11,12,0.4697780458731301,0.6630149688699226
MMP0984,formate_vs_phosphate,-0.36298531853878274,-0.6009815600351023,0.23799624149631954,12,12,0.46980508530353415,0.6630149688699226
MMP0625,formate_vs_phosphate,-0.6170599361557424,-0.855782446168543,0.23872251001280065,12,12,0.47168347910418573,0.6642281390408836
MMP0219,formate_vs_phosphate,-0.1959921305417962,-0.47996786239813866,0.28397573185634245,12,12,0.4758138206732466,0.6686004549115449
MMP1153,formate_vs_phosphate,-0.10911610319528146,0.12046429466064547,-0.22958039785592693,12,11,0.47757879262759884,0.6689924979094567
MMP1105,formate_vs_phosphate,0.3456442261736941,0.004439596299805626,0.3412046298738885,10,10,0.47896597709143207,0.6689924979094567
MMP0414,formate_vs_phosphate,-0.945279598860359,-0.794653884188144,-0.15062571467221497,12,12,0.4791710069382151,0.6689924979094567
MMP0545,formate_vs_phosphate,-0.47713207573381605,0.04599363541057583,-0.5231257111443919,6,2,0.4846714025369765,0.6741538661427403
MMP0133,formate_vs_phosphate,-0.7489440523716292,-0.6342892497696208,-0.11465480260200844,12,12,0.4849358331609589,0.6741538661427403
MMP0001,formate_vs_phosphate,-0.376341002191002,-0.6874643459015891,0.3111233437105871,9,5,0.4889791457939552,0.6783285171439549
MMP0155,formate_vs_phosphate,0.054665473620918635,0.5507135816462496,-0.496048108025331,6,3,0.4901290234419871,0.6784800918984619
MMP1551,formate_vs_phosphate,0.30500054952415806,-0.08349604413492338,0.38849659365908146,6,6,0.4957380317446345,0.6847906709692831
MMP1540,formate_vs_phosphate,-0.29506473819164597,0.5061053800267624,-0.8011701182184083,9,2,0.49786623023442056,0.6862764949531548
MMP0006,formate_vs_phosphate,-0.5369458483491695,-0.4189649232854085,-0.11798092506376096,12,12,0.4989237636631352,0.6862833204817809
MMP1443,formate_vs_phosphate,0.032304966938892336,-0.32547607797656414,0.3577810449154565,6,8,0.5018328861052437,0.6880754562539892
MMP0065,formate_vs_phosphate,-0.26209153439985877,-0.5204551569626528,0.258363622562794,10,2,0.5023372962835873,0.6880754562539892
MMP1358,formate_vs_phosphate,0.1778261425990609,0.5502463111668258,-0.37242016856776483,10,12,0.5131288173938127,0.7013836246137649
MMP1174,formate_vs_phosphate,1.1133348578167859,1.4271007962253284,-0.3137659384085425,12,11,0.5172575404051241,0.7055479421425541
MMP0934,formate_vs_phosphate,-0.3433791797088438,-0.6628667356164002,0.3194875559075564,5,2,0.521703136442994,0.7101261898973531
MMP1352,formate_vs_phosphate,-1.5450024035807628,-1.8763384658077462,0.3313360622269834,12,11,0.5311022859795864,0.7206347781316623
MMP1701,formate_vs_phosphate,-0.6574120394061979,-1.0118301057139514,0.3544180663077535,4,3,0.5321603478367055,0.7206347781316623
MMP0263,formate_vs_phosphate,-0.4702157904052381,-0.05359103062922569,-0.4166247597760124,11,10,0.5335963869610433,0.7206347781316623
MMP0327,formate_vs_phosphate,-0.28797282524076767,-0.48949339902392225,0.20152057378315458,11,12,0.5338444752110321,0.7206347781316623
MMP1474,formate_vs_phosphate,-0.360442760196747,-0.21408593650375685,-0.14635682369299013,12,12,0.5362580584929679,0.7223972192921799
MMP0137,formate_vs_phosphate,-0.0947409835776026,-0.33957919521466745,0.24483821163706485,11,8,0.5408583883776628,0.7270921014891466
MMP1427,formate_vs_phosphate,-0.39190240040082286,-0.208008578083228,-0.18389382231759485,11,12,0.5458225993971302,0.7322558329360677
MMP0250,formate_vs_phosphate,-0.03169573166329021,-0.2076549297633057,0.1759591981000155,12,11,0.5469526581218856,0.7322651603603069
MMP1675,formate_vs_phosphate,0.7610543850062024,1.1812036168531381,-0.42014923184693576,8,4,0.551738415630067,0.7365051456330582
MMP0396,formate_vs_phosphate,-0.8106531891825021,-0.9199774737582649,0.10932428457576282,12,12,0.5530515409494882,0.7365051456330582
MMP0103,formate_vs_phosphate,-0.6405101514329911,-0.7830240721207397,0.1425139206877486,12,12,0.5535084683438628,0.7365051456330582
MMP1549,formate_vs_phosphate,0.2137215573469896,-0.2532817624956687,0.4670033198426583,9,10,0.5562196718557779,0.7386053483706053
MMP1013,formate_vs_phosphate,0.33831747929434686,0.5042673832597527,-0.16594990396540588,12,12,0.5578243107909262,0.7392305907229347
MMP0302,formate_vs_phosphate,0.27496702059069444,0.552824540078683,-0.27785751948798854,9,5,0.5623773198271487,0.7437525609073041
MMP1671,formate_vs_phosphate,-0.08441860894087598,-0.3440602479667181,0.2596416390258421,11,12,0.5643434120816867,0.7448419123021452
MMP0417,formate_vs_phosphate,-1.095708238871513,-0.30796045144148576,-0.7877477874300272,2,2,0.5656597152968607,0.7448621348570608
MMP0576,formate_vs_phosphate,-0.04343004438860167,-0.12468715403327113,0.08125710964466945,12,12,0.5675968531302162,0.7448621348570608
MMP1502,formate_vs_phosphate,-0.49388150354909177,-0.7396859122957786,0.24580440874668685,12,12,0.5677860138404283,0.7448621348570608
MMP1265,formate_vs_phosphate,0.2917309737353968,0.015809372230619085,0.27592160150477774,11,12,0.5725904747922912,0.749656605551353
MMP0605,formate_vs_phosphate,0.5396990191035392,0.10972255703196794,0.4299764620715713,6,3,0.5740340140896216,0.7500404352433533
MMP0933,formate_vs_phosphate,-0.335570988109043,-0.6451233208585108,0.30955233274946775,10,11,0.5756078217574394,0.750592599571701
MMP1042,formate_vs_phosphate,-0.49859725570228547,-0.3819561268144352,-0.11664112888785028,12,12,0.581669334837039,0.7569828469336316
MMP1133,formate_vs_phosphate,-0.4371635729313517,-0.21210446236738423,-0.2250591105639675,12,8,0.5849204829833441,0.7586735010401003
MMP1252,formate_vs_phosphate,-0.04857599337348231,-0.3012198767486115,0.2526438833751292,12,12,0.5859778941880242,0.7586735010401003
MMP0677,formate_vs_phosphate,-0.514953326911186,-0.8246127307575124,0.3096594038463264,4,6,0.5864592707426542,0.7586735010401003
MMP0039,formate_vs_phosphate,0.5710615487881469,0.9761888825123712,-0.4051273337242244,11,3,0.5921833892113116,0.7645615242886638
MMP1686,formate_vs_phosphate,-0.10790089954769834,-0.2878665718961736,0.17996567234847527,12,10,0.5936850914045579,0.764985532797968
MMP1328,formate_vs_phosphate,0.2719224631545294,0.734849264398363,-0.46292680124383356,12,3,0.599628669979331,0.7709086667289436
MMP0569,formate_vs_phosphate,0.5289031418686171,0.7246302159785893,-0.19572707410997225,12,7,0.601562004940029,0.7709086667289436
MMP1680,formate_vs_phosphate,1.0426233817624067,0.6578171812410041,0.3848062005214026,6,8,0.6036463048131481,0.7709086667289436
MMP1401,formate_vs_phosphate,0.6945339334401356,0.5566476107916467,0.13788632264848888,10,12,0.6037519807537772,0.7709086667289436
MMP0057,formate_vs_phosphate,-0.8048632895226179,-0.6175414837746219,-0.18732180574799595,12,12,0.604193755672531,0.7709086667289436
MMP0568,formate_vs_phosphate,0.16259238260900205,0.3150313657920701,-0.15243898318306803,10,10,0.6058876098928184,0.771560003222886
MMP1569,formate_vs_phosphate,0.7091584712155398,0.29642493563872674,0.412733535576813,9,6,0.6080269449738733,0.7724471424338873
MMP0668,formate_vs_phosphate,0.24533551186000127,0.029635799026529724,0.21569971283347156,6,6,0.6089537288512548,0.7724471424338873
MMP1272,formate_vs_phosphate,-1.2928597468592637,-1.1271851684926395,-0.16567457836662425,10,11,0.6127693473898125,0.7755105642233404
MMP0825,formate_vs_phosphate,1.3053526867075576,1.176155262839021,0.1291974238685365,12,12,0.6140298901748229,0.7755105642233404
MMP1337,formate_vs_phosphate,-0.5905788993604517,-0.2961903217275699,-0.2943885776328818,6,3,0.6149370578274034,0.7755105642233404
MMP1702,formate_vs_phosphate,-0.032327912757092424,0.24169604592432575,-0.27402395868141816,9,7,0.6216790144827563,0.7811885289863939
MMP1391,formate_vs_phosphate,-0.11803017112711141,-0.044725198538831216,-0.0733049725882802,12,12,0.6218356542084945,0.7811885289863939
MMP1640,formate_vs_phosphate,-0.6003062796248584,-0.49740662737342395,-0.10289965225143444,12,12,0.62328581779107,0.7815045253841878
MMP1544,formate_vs_phosphate,-0.41341944505818073,-0.5152385706610827,0.10181912560290196,12,12,0.6276708885090851,0.7854921675775882
MMP0168,formate_vs_phosphate,-0.1992679009125067,-0.07353458424740862,-0.12573331666509807,10,9,0.6350364704135718,0.7931873155357256
MMP0961,formate_vs_phosphate,1.6169710780333677,1.9033775646233195,-0.2864064865899518,12,12,0.6398618365458368,0.7976862665925155
MMP1556,formate_vs_phosphate,0.3490144946085665,0.4876639645938261,-0.13864946998525962,12,12,0.643469967194219,0.798522012556769
MMP1546,formate_vs_phosphate,-0.5194306093486192,-0.3856258325055196,-0.1338047768430996,12,12,0.6437784636021191,0.798522012556769
MMP0572,formate_vs_phosphate,-0.48469439601663633,-0.5612304941753995,0.07653609815876317,12,12,0.6442064089031603,0.798522012556769
MMP1691,formate_vs_phosphate,-0.48685349834740094,-0.7856304871723527,0.2987769888249518,12,8,0.646622761466066,0.7993078445789237
MMP1714,formate_vs_phosphate,0.11779245231356508,0.27579062920807573,-0.15799817689451065,5,10,0.6472922422356928,0.7993078445789237
MMP0607,formate_vs_phosphate,0.1744554408045128,0.49340836968649904,-0.31895292888198623,6,4,0.6488636330314055,0.7996800012108252
MMP0274,formate_vs_phosphate,0.04297808599033429,-0.13870469630004958,0.18168278229038387,9,11,0.6500466267511309,0.7996800012108252
MMP1288,formate_vs_phosphate,0.3295105574198693,0.20342619338700654,0.12608436403286274,6,11,0.6531691717399096,0.8020080978802657
MMP1555,formate_vs_phosphate,0.7368461424317153,0.6174760160329621,0.11937012639875322,12,12,0.6566071800556498,0.8047140627749694
MMP0580,formate_vs_phosphate,0.1150606115162833,-0.15441326474018136,0.2694738762564647,7,4,0.6605888807996041,0.8052944218677954
MMP1183,formate_vs_phosphate,-0.27273949232488,-0.07505158102723107,-0.1976879112976489,4,10,0.6609120717498942,0.8052944218677954
MMP0816,formate_vs_phosphate,0.2802078288839099,0.13937654808679178,0.1408312807971181,11,11,0.6613669613045012,0.8052944218677954
MMP1275,formate_vs_phosphate,-0.616170143124527,-0.46690931438753647,-0.14926082873699054,10,11,0.6622362296487958,0.8052944218677954
MMP1047,formate_vs_phosphate,-0.3335526415115501,-0.25323974973635593,-0.08031289177519418,12,12,0.6651683301692385,0.8052944218677954
MMP1200,formate_vs_phosphate,-0.19659726175609482,-0.26879923688267215,0.07220197512657733,12,12,0.66526201899449,0.8052944218677954
MMP0650,formate_vs_phosphate,0.14579671241880973,0.03250217016595546,0.11329454225285426,12,12,0.6665362340460474,0.8052944218677954
MMP1336,formate_vs_phosphate,0.4095724792076285,0.656182759216629,-0.24661028000900054,2,5,0.6680331294597432,0.8052944218677954
MMP1240,formate_vs_phosphate,0.5142829340272989,0.34174754290594067,0.17253539112135818,11,9,0.6692422163707497,0.8052944218677954
MMP1026,formate_vs_phosphate,-0.13717116961278056,-0.048728664093917434,-0.08844250551886312,12,12,0.6694318660312042,0.8052944218677954
MMP0968,formate_vs_phosphate,0.5196552063422143,0.7180185720830051,-0.19836336574079083,12,7,0.6720090685289422,0.8055246013973305
MMP1162,formate_vs_phosphate,0.9843389458136826,1.3459561076996216,-0.36161716188593895,6,2,0.6744483731545676,0.8055246013973305
MMP0279,formate_vs_phosphate,0.014094525508594602,-0.12804552233699207,0.14214004784558668,3,6,0.6755682800979977,0.8055246013973305
MMP0476,formate_vs_phosphate,0.882601382096393,0.32150847514901987,0.5610929069473731,3,2,0.6762914574947592,0.8055246013973305
MMP1322,formate_vs_phosphate,-0.4054750515816992,-0.4870548218765467,0.08157977029484748,12,12,0.6766130396413966,0.8055246013973305
MMP0620,formate_vs_phosphate,0.3250922249668735,0.25350719591145315,0.07158502905542036,12,12,0.6774617881393521,0.8055246013973305
MMP0629,formate_vs_phosphate,-0.15825357307831353,-0.23909580948800488,0.08084223640969135,12,12,0.6782714818514333,0.8055246013973305
MMP0312,formate_vs_phosphate,0.08231785179247385,-0.04329760142237246,0.1256154532148463,12,12,0.6803723058161506,0.8065504425311458
MMP1412,formate_vs_phosphate,-0.15573916627893736,-0.2511080231088579,0.09536885682992052,12,12,0.6843092980760973,0.8097453037125507
MMP0318,formate_vs_phosphate,-0.4199593815049934,-0.32802132465233697,-0.09193805685265644,12,12,0.685576606431554,0.8097752670169805
MMP1621,formate_vs_phosphate,-0.0817930918930394,-0.29456399253758875,0.21277090064454934,9,6,0.6888894070268459,0.8122168053915072
MMP0697,formate_vs_phosphate,-0.39860964595395293,-0.23239672424587512,-0.1662129217080778,11,12,0.6928076198702329,0.8153161418570559
MMP0708,formate_vs_phosphate,-0.6059418361278839,-0.4492181662831662,-0.1567236698447177,12,12,0.6940191084826166,0.8153161418570559
MMP0402,formate_vs_phosphate,0.2605509815884287,-0.03439133878429305,0.2949423203727218,6,3,0.6956670323204656,0.8157822033686035
MMP0165,formate_vs_phosphate,0.2987585789692353,0.10141020451402256,0.19734837445521275,5,3,0.7001125646232733,0.8195213503310129
MMP0440,formate_vs_phosphate,-0.15641593576201823,0.014811627788497072,-0.1712275635505153,10,10,0.7062284777612493,0.8251988664880547
MMP1150,formate_vs_phosphate,-1.0951560653906238,-0.9182317800844548,-0.176924285306169,11,12,0.7076170153158154,0.8253422074882141
MMP0695,formate_vs_phosphate,-0.19356764281812744,-0.11360382342913654,-0.0799638193889909,12,12,0.7102074197161277,0.8255458135766519
MMP1217,formate_vs_phosphate,0.3798492190724273,0.09251170316081048,0.2873375159116168,5,11,0.7103239285529168,0.8255458135766519
MMP1363,formate_vs_phosphate,-0.13492406719562275,-0.19357976075167302,0.05865569355605027,12,12,0.7148337377602239,0.8293088914940675
MMP0559,formate_vs_phosphate,0.6272576270800053,0.5055419549553861,0.1217156721246192,12,12,0.7183273611119083,0.8318817752130803
MMP1690,formate_vs_phosphate,0.5928681761989635,0.45583668016822876,0.13703149603073472,9,3,0.7271529405629404,0.8406094277429736
MMP1303,formate_vs_phosphate,0.5715393945457913,0.7693164740215451,-0.19777707947575385,8,9,0.7306525223505842,0.8424294995605968
MMP1166,formate_vs_phosphate,-0.49086570593385953,-0.6509927584434999,0.16012705250964038,8,8,0.7313114980848126,0.8424294995605968
MMP0833,formate_vs_phosphate,-0.5782151758578428,-0.3518691307754184,-0.22634604508242434,7,5,0.7343448665923458,0.8444318395382883
MMP1696,formate_vs_phosphate,-1.2005774110505094,-1.3827206939513486,0.18214328290083914,12,8,0.736836584851056,0.8447871540305598
MMP1101,formate_vs_phosphate,-0.5199496805432793,-0.38848919507461477,-0.1314604854686645,10,9,0.7372452310481419,0.8447871540305598
MMP0353,formate_vs_phosphate,-0.4527887561034752,-0.5682346980630252,0.11544594195954999,9,8,0.7392536698528709,0.8456024434106524
MMP1643,formate_vs_phosphate,-0.07573469131923366,-0.15055688323538755,0.07482219191615389,12,12,0.7433659437109511,0.8478607716114138
MMP0908,formate_vs_phosphate,0.40964298646308656,0.2734189696852107,0.13622401677787588,12,12,0.7438287750946759,0.8478607716114138
MMP0429,formate_vs_phosphate,0.0142706345761295,-0.0862061823070263,0.1004768168831558,12,12,0.7458938448873758,0.8487308671318831
MMP0296,formate_vs_phosphate,0.8374242361906183,0.5061053797396331,0.33131885645098524,4,2,0.7563967315752087,0.8591823501516308
MMP1191,formate_vs_phosphate,-0.5468362565479947,-0.47663692748215203,-0.0701993290658427,12,12,0.7600976468536144,0.8618846360844462
MMP1692,formate_vs_phosphate,-0.5663610924405043,-0.42645114800845263,-0.13990994443205163,11,10,0.7705497520224351,0.8722195109698397
MMP0383,formate_vs_phosphate,0.5874377812292141,0.6169613344537116,-0.029523553224497512,12,12,0.772363525216686,0.8727573976451981
MMP1036,formate_vs_phosphate,0.4199145845975152,0.5049703480599437,-0.08505576346242849,12,12,0.7740437150652856,0.873142737409284
MMP0989,formate_vs_phosphate,-1.390397091005981,-1.483172742197982,0.09277565119200082,11,11,0.7805616826442645,0.8789744681935414
MMP0820,formate_vs_phosphate,1.5259765071415827,1.6071973955956196,-0.08122088845403685,12,12,0.7925110261281817,0.8893756530759651
MMP0388,formate_vs_phosphate,0.17175918243861985,0.08198145987538676,0.08977772256323309,12,12,0.7925264638606376,0.8893756530759651
MMP0819,formate_vs_phosphate,1.5252312561013812,1.610392261422429,-0.08516100532104787,8,4,0.7948085526195315,0.8904040830033241
MMP1563,formate_vs_phosphate,0.12625851067052532,0.18241635295696554,-0.05615784228644022,12,12,0.7999179042303368,0.8945908637361571
MMP0455,formate_vs_phosphate,-0.3005756039753853,-0.18231231646377424,-0.11826328751161105,2,2,0.8029147774848973,0.8964048543153305
MMP1318,formate_vs_phosphate,-0.5312653049193311,-0.45152010868729664,-0.07974519623203447,12,12,0.8062519150626711,0.8972346321831526
MMP0578,formate_vs_phosphate,0.16682496578286457,0.10240718951238631,0.06441777627047826,8,11,0.8064102675756556,0.8972346321831526
MMP1506,formate_vs_phosphate,-1.2564684294721795,-1.3410643958212776,0.08459596634909805,9,11,0.813619465142771,0.9030395107821557
MMP0884,formate_vs_phosphate,-0.3618203913196911,-0.2765527175262014,-0.0852676737934897,12,10,0.8143975956133551,0.9030395107821557
MMP1304,formate_vs_phosphate,0.09458198933035626,-0.1593203402162273,0.25390232954658354,3,2,0.8250138557531417,0.9132029875340788
MMP1063,formate_vs_phosphate,-0.15478128690941595,-0.10864949820751857,-0.04613178870189738,12,12,0.8263646666335989,0.9132029875340788
MMP1327,formate_vs_phosphate,-0.0877638706320835,-0.03895279936993415,-0.048811071262149355,12,12,0.8309933333006227,0.9158984870334829
MMP1254,formate_vs_phosphate,-0.3347686157637457,-0.3725383327604632,0.037769716996717495,12,12,0.8316133501899108,0.9158984870334829
MMP0956,formate_vs_phosphate,0.32372617911276885,0.20140347420658697,0.12232270490618188,7,6,0.833700940538641,0.9166492634590117
MMP0351,formate_vs_phosphate,0.7606008856654828,0.6507454086946179,0.10985547697086484,6,5,0.8373229484928484,0.9179552096739136
MMP0073,formate_vs_phosphate,-0.053431996307325626,-0.10196851554014275,0.04853651923281712,12,12,0.8377045241656114,0.9179552096739136
MMP0083,formate_vs_phosphate,0.22289333284080126,0.27373164765223507,-0.050838314811433805,12,12,0.8439092005364227,0.922516296272909
MMP0163,formate_vs_phosphate,-0.608845826740279,-0.6423606264169742,0.03351479967669524,12,12,0.8446966700535685,0.922516296272909
MMP1090,formate_vs_phosphate,-0.7326972955979226,-0.7872514678968218,0.05455417229889914,8,7,0.8559564765409522,0.9318435224328719
MMP0060,formate_vs_phosphate,-0.47963198569568205,-0.5355158845169716,0.05588389882128958,12,12,0.8560955060387888,0.9318435224328719
MMP0066,formate_vs_phosphate,-0.11661161691487626,-0.08079545092495762,-0.035816165989918644,12,12,0.8578657258011907,0.9322140887039605
MMP0696,formate_vs_phosphate,-0.08227434614931636,-0.1465028626272928,0.06422851647797645,12,11,0.8644021283232833,0.937754056017938
MMP0136,formate_vs_phosphate,-0.5232048153378906,-0.4785244532707347,-0.044680362067155976,12,12,0.8761903758716578,0.9431133367032899
MMP0291,formate_vs_phosphate,0.6051534083648906,0.6784191602799875,-0.07326575191509688,11,11,0.8771787189583553,0.9431133367032899
MMP1075,formate_vs_phosphate,-0.4465167071048455,-0.37107971852145893,-0.07543698858338654,2,6,0.8775329647545568,0.9431133367032899
MMP0618,formate_vs_phosphate,0.7938298155534423,0.8627922964621557,-0.06896248090871337,12,10,0.878487699793712,0.9431133367032899
MMP1397,formate_vs_phosphate,-0.569170698148177,-0.3936980170314922,-0.1754726811166848,4,2,0.8805223559428327,0.9431133367032899
MMP1131,formate_vs_phosphate,-0.5276842320651582,-0.617544758681415,0.08986052661625676,10,9,0.8805663997959146,0.9431133367032899
MMP0127,formate_vs_phosphate,-0.09626338107772907,-0.12087987330459758,0.024616492226868514,12,12,0.8810726391394126,0.9431133367032899
MMP1593,formate_vs_phosphate,-0.5248944320824972,-0.47429102441235765,-0.050603407670139544,11,10,0.8838434292086093,0.9431133367032899
MMP0947,formate_vs_phosphate,-0.8249530907316774,-0.8780880869938539,0.05313499626217644,12,10,0.8838662029335547,0.9431133367032899
MMP0553,formate_vs_phosphate,0.15700759643140902,0.20424605327181045,-0.04723845684040143,11,12,0.8847070440815499,0.9431133367032899
MMP0326,formate_vs_phosphate,-0.33825379323773336,-0.300361343436783,-0.037892449800950356,12,12,0.8852536227951127,0.9431133367032899
MMP0235,formate_vs_phosphate,0.5077171192062833,0.4555062434575673,0.05221087574871597,11,8,0.890664215312309,0.9473296384724722
MMP1066,formate_vs_phosphate,0.199114152579485,0.13906573676019873,0.06004841581928627,10,4,0.8940865539544347,0.9492836386943742
MMP1056,formate_vs_phosphate,-0.8106308425819819,-0.7397814581527019,-0.07084938442928002,5,2,0.8954132481549695,0.9492836386943742
MMP1532,formate_vs_phosphate,-0.6954350948670295,-0.6359110270327339,-0.059524067834295535,7,12,0.9007421725963998,0.9533829489169686
MMP1507,formate_vs_phosphate,-0.6918334538526794,-0.7207378528137007,0.02890439896102137,12,12,0.9036636260005197,0.9549249337963354
MMP0666,formate_vs_phosphate,-0.0960248716581396,-0.1699432836562825,0.0739184119981429,8,9,0.9062241301350429,0.9556883596919518
MMP0971,formate_vs_phosphate,-0.10918577422167618,-0.08291429936619366,-0.02627147485548252,12,12,0.9073176298302426,0.9556883596919518
MMP1115,formate_vs_phosphate,0.6381492327383961,0.6865561741806273,-0.04840694144223123,12,9,0.9164905688682782,0.963793307906641
MMP0624,formate_vs_phosphate,-0.018799344771251756,-0.09235691475947469,0.07355756998822294,9,2,0.9197690219435519,0.9656834175639224
MMP0282,formate_vs_phosphate,-1.1376659466389512,-0.9225975804273956,-0.21506836621155556,3,10,0.9220345602767521,0.9656868815056519
MMP1190,formate_vs_phosphate,0.1934155070170441,0.2388820911803202,-0.04546658416327609,12,11,0.9227345508865354,0.9656868815056519
MMP1361,formate_vs_phosphate,-0.2340042922565597,-0.24780860895606752,0.013804316699507824,12,12,0.9250845256001821,0.966594728671985
MMP0064,formate_vs_phosphate,0.7615698363640186,0.7199280128583608,0.041641823505657816,12,7,0.9307779641582801,0.9703552241457858
MMP1157,formate_vs_phosphate,0.3499207693357966,0.3854157521902013,-0.03549498285440472,7,8,0.934393915737344,0.9703552241457858
MMP1527,formate_vs_phosphate,-0.3035664328896624,-0.32015357144166773,0.01658713855200533,12,12,0.9344495137805509,0.9703552241457858
MMP1145,formate_vs_phosphate,0.5413447039473346,0.4933688030736966,0.047975900873637956,9,7,0.9346366269379655,0.9703552241457858
MMP0046,formate_vs_phosphate,-0.5370883337559609,-0.42897561630283826,-0.10811271745312262,3,3,0.9372467904829973,0.970924319383928
MMP1466,formate_vs_phosphate,0.39885552163851806,0.4266785237345566,-0.02782300209603855,12,10,0.9388279106793129,0.970924319383928
MMP0874,formate_vs_phosphate,1.3522244408068034,1.2888091710993808,0.06341526970742262,3,5,0.9404381456480787,0.970924319383928
MMP0003,formate_vs_phosphate,-0.23703837603218206,-0.2032809994315163,-0.033757376600665745,12,11,0.9415907745701848,0.970924319383928
MMP1425,formate_vs_phosphate,-0.5187865390880816,-0.4082653415913813,-0.11052119749670031,2,3,0.9426305125307153,0.970924319383928
MMP0086,formate_vs_phosphate,0.3106054651279956,0.2528549094391309,0.05775055568886467,8,2,0.9447510651733657,0.9715736506199281
MMP1414,formate_vs_phosphate,-0.3857859630950045,-0.4010068140779677,0.015220850982963163,12,12,0.9477230675006751,0.9730951811188034
MMP1259,formate_vs_phosphate,-0.7493963324022214,-0.7699778171737577,0.020581484771536318,12,11,0.9527905531400804,0.9767601268039818
MMP0407,formate_vs_phosphate,0.4831611754221214,0.4971546340387089,-0.013993458616587517,12,12,0.9555832904674393,0.9772540412166053
MMP0033,formate_vs_phosphate,0.019088609067361,-0.021067114152612577,0.04015572321997358,6,5,0.9564354539827891,0.9772540412166053
MMP0881,formate_vs_phosphate,-0.19056176444789108,-0.2143999659003045,0.023838201452413416,3,4,0.9577689146279307,0.9772540412166053
MMP1014,formate_vs_phosphate,0.10857408309346828,0.1445441090143297,-0.03597002592086143,6,3,0.9603794790039278,0.9783865942352515
MMP1046,formate_vs_phosphate,-0.43312601902530856,-0.4435571694531137,0.010431150427805125,12,12,0.9639687024163572,0.980511067044407
MMP1039,formate_vs_phosphate,-0.4362954338685731,-0.4459530479321278,0.009657614063554698,12,12,0.9679243260167176,0.9830010289141743
MMP1663,formate_vs_phosphate,0.1978635766393923,0.22824581207322936,-0.030382235433837057,4,6,0.9704983989955637,0.9834021995279226
MMP1018,formate_vs_phosphate,0.25646965094851054,0.2684111074898336,-0.011941456541323059,12,12,0.9719809359282006,0.9834021995279226
MMP1029,formate_vs_phosphate,-0.458516565785364,-0.44951399815983634,-0.009002567625527647,8,8,0.9734587855670963,0.9834021995279226
MMP1208,formate_vs_phosphate,-0.23750041081419385,-0.23302162511972532,-0.004478785694468523,12,12,0.9743524860353344,0.9834021995279226
MMP0187,formate_vs_phosphate,-0.542520218080507,-0.5364624812749808,-0.006057736805526237,11,11,0.9812113925236529,0.988794169900188
MMP1486,formate_vs_phosphate,0.6039298882513945,0.6138521279899897,-0.009922239738595184,10,2,0.9849428508454401,0.9910227449864613
MMP0765,formate_vs_phosphate,0.6916927315300133,0.6852973596423227,0.006395371887690571,12,10,0.989535495564956,0.994109619581435
MMP1326,formate_vs_phosphate,-0.006586930920347505,-0.011750492338639567,0.005163561418292062,9,10,0.9917042342759287,0.9947556319198546
MMP0249,formate_vs_phosphate,-0.3377161199305522,-0.3367142218113241,-0.0010018981192281284,12,12,0.9966623126521064,0.9974980699523133
MMP0982,formate_vs_phosphate,-0.6138927942009099,-0.6156826898614112,0.0017898956605012506,12,8,0.9974980699523133,0.9974980699523133
MMP0043,formate_vs_phosphate,0.6995516325230893,-0.18160189198989624,0.8811535245129856,1,4,,
MMP0055,formate_vs_phosphate,-0.5909355624859437,0.3673364237761188,-0.9582719862620626,9,1,,
MMP0095,formate_vs_phosphate,-1.9714308478032292,0.6514755089544153,-2.6229063567576443,1,7,,
MMP0113,formate_vs_phosphate,-0.3731012658040785,2.3673364240557175,-2.740437689859796,11,1,,
MMP0146,formate_vs_phosphate,2.604116437699872,-0.6859771042506756,3.2900935419505477,2,1,,
MMP0159,formate_vs_phosphate,0.9810401378441224,-0.8476606523757996,1.828700790219922,5,1,,
MMP0177,formate_vs_phosphate,-0.5715649488463943,1.68926451888716,-2.2608294677335543,11,1,,
MMP0226,formate_vs_phosphate,0.407203206925462,-0.3167832944951905,0.7239865014206526,2,1,,
MMP0230,formate_vs_phosphate,-1.0,-0.6710059460255433,-0.3289940539744567,1,1,,
MMP0248,formate_vs_phosphate,-0.5293613467231366,-1.2991376066126765,0.7697762598895399,5,1,,
MMP0292,formate_vs_phosphate,0.9802917813098967,1.9596942693109123,-0.9794024880010156,12,1,,
MMP0293,formate_vs_phosphate,1.0896844828391918,-1.8841001108840416,2.9737845937232334,8,1,,
MMP0300,formate_vs_phosphate,-0.8339033250793775,-0.6710059460255433,-0.16289737905383417,9,1,,
MMP0306,formate_vs_phosphate,0.8312271766161401,2.8391987916510666,-2.0079716150349265,11,1,,
MMP0322,formate_vs_phosphate,0.40910995998638655,-0.19799661112304387,0.6071065711094304,1,3,,
MMP0398,formate_vs_phosphate,2.591440064792361,-0.08379975689747597,2.675239821689837,1,3,,
MMP0401,formate_vs_phosphate,-1.8153756490376192,0.7363899706942685,-2.5517656197318876,2,1,,
MMP0409,formate_vs_phosphate,-3.2933589426905914,-0.39592321052973495,-2.8974357321608566,1,3,,
MMP0418,formate_vs_phosphate,2.1521834190550453,-0.738792251422062,2.8909756704771072,1,2,,
MMP0419,formate_vs_phosphate,-0.41638789332812526,-0.6859771042506756,0.26958921092255034,6,1,,
MMP0421,formate_vs_phosphate,0.1671119320268342,0.9522989248700734,-0.7851869928432392,2,1,,
MMP0549,formate_vs_phosphate,-0.12514764797775774,-0.29913760838778103,0.1739899604100233,9,1,,
MMP0588,formate_vs_phosphate,0.1712068274181424,-0.29019666233344227,0.46140348975158463,1,2,,
MMP0622,formate_vs_phosphate,1.102690531600633,-0.29913760838778103,1.401828139988414,9,1,,
MMP0635,formate_vs_phosphate,0.3225677553570813,-1.1608012083489334,1.4833689637060148,6,1,,
MMP0664,formate_vs_phosphate,0.927076734671789,-0.408246736583029,1.335323471254818,4,1,,
MMP0720,formate_vs_phosphate,1.1047626582922203,-0.6088751218911723,1.7136377801833926,11,1,,
MMP0721,formate_vs_phosphate,-0.6399186183122478,1.3129779181497525,-1.9528965364620003,9,1,,
MMP0729,formate_vs_phosphate,0.41127742245018895,1.9139565546956128,-1.5026791322454238,9,1,,
MMP0824,formate_vs_phosphate,2.718306821867008,1.3677604726713855,1.3505463491956224,1,12,,
MMP0904,formate_vs_phosphate,-0.45671051578779637,-0.6088751218911723,0.15216460610337595,3,1,,
MMP0931,formate_vs_phosphate,1.2369542256396997,-0.29913760838778103,1.5360918340274807,1,1,,
MMP0974,formate_vs_phosphate,0.9200304446897694,0.9760873802967908,-0.05605693560702141,8,1,,
MMP1006,formate_vs_phosphate,1.8476422019007597,-1.2991376066126765,3.146779808513436,3,1,,
MMP1007,formate_vs_phosphate,0.3119312235852654,1.3289940545487153,-1.01706283096345,8,1,,
MMP1052,formate_vs_phosphate,-3.4266254735540556,-0.0678091007422297,-3.358816372811826,1,10,,
MMP1060,formate_vs_phosphate,0.5916794169357368,0.7373018474799414,-0.14562243054420465,1,1,,
MMP1062,formate_vs_phosphate,-2.479908952846858,-0.29913760838778103,-2.180771344459077,9,1,,
MMP1071,formate_vs_phosphate,0.6848015423224176,0.32899405397445664,0.355807488347961,9,1,,
MMP1109,formate_vs_phosphate,-0.4254216270959554,1.1767157647763138,-1.6021373918722692,5,1,,
MMP1118,formate_vs_phosphate,0.4128598157054129,-0.3167832944951905,0.7296431102006034,6,1,,
MMP1126,formate_vs_phosphate,-0.35291578737104634,0.4525031893618404,-0.8054189767328868,1,2,,
MMP1193,formate_vs_phosphate,1.039670504079625,2.136348976688356,-1.0966784726087309,11,1,,
MMP1204,formate_vs_phosphate,0.48431363406505407,0.7008623924997713,-0.21654875843471727,3,1,,
MMP1205,formate_vs_phosphate,-0.09850554495242506,-0.39606714018579336,0.29756159523336834,1,11,,
MMP1316,formate_vs_phosphate,-1.0144995696951151,-0.3297597793230456,-0.6847397903720696,1,3,,
MMP1379,formate_vs_phosphate,-0.3085466485796064,0.8391987916510667,-1.147745440230673,7,1,,
MMP1386,formate_vs_phosphate,0.8630472546154093,-0.29913760838778103,1.1621848630031903,5,1,,
MMP1405,formate_vs_phosphate,-1.2362638602916693,-0.26361003017169404,-0.9726538301199753,3,1,,
MMP1441,formate_vs_phosphate,-0.17228847636729946,0.6832167055048095,-0.855505181872109,6,1,,
MMP1446,formate_vs_phosphate,-0.6553879978840005,-1.1608012083489334,0.5054132104649329,2,1,,
MMP1463,formate_vs_phosphate,0.775267889388398,0.7008623924997713,0.07440549688862663,9,1,,
MMP1471,formate_vs_phosphate,-0.9489759969755331,0.15233934762420043,-1.1013153445997337,1,1,,
MMP1475,formate_vs_phosphate,0.6919656284134169,0.7373018474799414,-0.04533621906652452,12,1,,
MMP1491,formate_vs_phosphate,-0.25842515258120435,-0.7901966623334422,0.5317715097522379,1,2,,
MMP1508,formate_vs_phosphate,-0.19132355234597326,-0.29913760838778103,0.10781405604180777,7,1,,
MMP1512,formate_vs_phosphate,0.6282041387472755,0.3600594663287715,0.26814467241850404,1,2,,
MMP1539,formate_vs_phosphate,0.1128745114399674,-0.6859771042506756,0.798851615690643,3,1,,
MMP1554,formate_vs_phosphate,-1.8754268260031555,-0.6326635773422764,-1.242763248660879,2,1,,
MMP1568,formate_vs_phosphate,-0.5210079502689452,0.9522989248700734,-1.4733068751390186,5,1,,
MMP1578,formate_vs_phosphate,-0.5530724635864287,0.32899405397445664,-0.8820665175608853,4,1,,
MMP1583,formate_vs_phosphate,-0.37532485530379706,-0.408246736583029,0.03292188127923196,3,1,,
MMP1594,formate_vs_phosphate,-0.2293823533437969,0.3673364237761188,-0.5967187771199157,1,1,,
MMP1595,formate_vs_phosphate,-0.49544252683978723,-1.1522839496543968,0.6568414228146096,1,3,,
MMP1599,formate_vs_phosphate,0.9218888363082569,0.9139565554612908,0.007932280846966067,1,1,,
MMP1608,formate_vs_phosphate,-0.023307570812607578,0.32899405397445664,-0.3523016247870642,8,1,,
MMP1610,formate_vs_phosphate,-0.004133600708059737,-1.00895017673761,1.0048165760295502,2,1,,
MMP1619,formate_vs_phosphate,-0.4739311883324124,-0.3936980170314922,-0.08023317130092017,1,2,,
MMP1656,formate_vs_phosphate,-1.2834445813211726,0.7008623924997713,-1.984306973820944,6,1,,
MMP1669,formate_vs_phosphate,1.1704219722339833,-0.6859771042506756,1.8563990764846587,1,1,,
