Gene names (ordered locus ),group1,group2,mean_group1,mean_group2,log2FC,n_group1,n_group2,p_value,fdr
MMP1322,xs,i,-0.2167645144437398,-0.6251542025347668,0.40838968809102705,3,3,0.0016526985582588124,0.4370867784887418
MMP1255,xs,i,0.6231913095428477,-2.3081008770452693,2.931292186588117,3,3,0.0030012363052090113,0.4370867784887418
MMP0091,xs,i,3.0315134312222756,1.2633142948023333,1.7681991364199423,3,3,0.0030408095163257766,0.4370867784887418
MMP0176,xs,i,0.09261349011090132,-0.46402089362483917,0.5566343837357405,3,3,0.0034897147983133075,0.4370867784887418
MMP1149,xs,i,-0.38886656147561416,-0.9599695041798207,0.5711029427042066,3,3,0.005439106839888217,0.5449985053567994
MMP1474,xs,i,0.6299987835646487,-0.339137346309988,0.9691361298746366,3,3,0.009400890950660507,0.6083871440851785
MMP0094,xs,i,0.014153158257677427,-1.0848756925432717,1.0990288508009491,2,2,0.015868826141690995,0.6083871440851785
MMP0318,xs,i,-0.087360054864261,-0.7964602717255262,0.7091002168612652,3,3,0.01641526966529213,0.6083871440851785
MMP0820,xs,i,0.8356679503187513,2.2531440650040158,-1.4174761146852646,3,3,0.01654560406636432,0.6083871440851785
MMP1327,xs,i,-0.25809408705027953,0.9631595190935869,-1.2212536061438664,3,3,0.017003455685448712,0.6083871440851785
MMP0080,xs,i,-0.15292681206099734,-1.052529898334589,0.8996030862735916,3,3,0.017425500305742577,0.6083871440851785
MMP1272,xs,i,-0.6791055557604354,-2.4464467082026533,1.767341152442218,3,3,0.019051367467278504,0.6083871440851785
MMP1002,xs,i,0.5091292863189689,-1.0042309303623664,1.5133602166813354,2,2,0.019431394295008942,0.6083871440851785
MMP1308,xs,i,0.010711847562998164,-1.590766514020208,1.6014783615832062,3,3,0.020160040667283698,0.6083871440851785
MMP0602,xs,i,1.3971673413092607,-0.00423093036236645,1.4013982716716271,3,2,0.022599669729219653,0.6083871440851785
MMP1671,xs,i,-2.5347857526542685,-0.17447439861525402,-2.3603113540390144,3,3,0.02317280871091458,0.6083871440851785
MMP0983,xs,i,0.2994948629154859,-1.3143061039474253,1.6138009668629112,3,3,0.02557405846845489,0.6083871440851785
MMP0980,xs,i,-0.31858544522060134,-1.9186038051161407,1.6000183598955393,3,3,0.026298739083608597,0.6083871440851785
MMP1259,xs,i,-0.577880091818627,-1.584792544575165,1.0069124527565378,3,3,0.02889900458324073,0.6083871440851785
MMP0081,xs,i,0.5025308619105417,-0.45910266119850524,0.9616335231090469,3,3,0.031051833395892136,0.6083871440851785
MMP1156,xs,i,0.24971463936932037,1.0393469155717465,-0.7896322762024262,3,3,0.03109259946994945,0.6083871440851785
MMP0981,xs,i,-0.42666463994703663,-1.4647938312107012,1.0381291912636645,3,3,0.032193429851096786,0.6083871440851785
MMP0413,xs,i,-0.521937405658308,0.3321312541545351,-0.8540686598128431,3,3,0.03326609590703256,0.6083871440851785
MMP1504,xs,i,-2.0502193801896187,-1.5267937541327121,-0.5234256260569066,3,3,0.03838659433211232,0.6083871440851785
MMP0345,xs,i,-0.8681190868894958,1.093931993396158,-1.962051080285654,3,3,0.041338736114006555,0.6083871440851785
MMP1003,xs,i,0.7632027384412607,-0.08487569254327165,0.8480784309845324,2,2,0.04458558717276764,0.6083871440851785
MMP1063,xs,i,0.39870375883687403,-0.7056492363208552,1.1043529951577291,3,3,0.04577220544113469,0.6083871440851785
MMP1439,xs,i,1.6295609175577912,3.339587191436055,-1.7100262738782637,3,3,0.04587149303270251,0.6083871440851785
MMP1247,xs,i,-0.6594743271249098,0.2878666419243741,-0.947340969049284,3,3,0.04678793818503553,0.6083871440851785
MMP1158,xs,i,-1.0631065862413749,0.7741459884740941,-1.8372525747154689,3,3,0.04896618199859978,0.6083871440851785
MMP1367,xs,i,-1.248378639342741,-0.6218029814143412,-0.6265756579283998,3,3,0.05020636451882621,0.6083871440851785
MMP0683,xs,i,-0.9247607528998946,0.4492143670091852,-1.3739751199090797,3,2,0.05150220367985676,0.6083871440851785
MMP1240,xs,i,0.04432395077921471,0.9957690693131029,-0.9514451185338882,2,2,0.053047498357481626,0.6083871440851785
MMP0382,xs,i,-1.070809341797099,-2.924099845359319,1.85329050356222,2,3,0.055489654690602914,0.6083871440851785
MMP1533,xs,i,-0.5914274204814735,1.004111768720703,-1.5955391892021766,3,3,0.05744564703164171,0.6083871440851785
MMP1711,xs,i,0.4221199078035885,1.3139819924323584,-0.8918620846287699,3,3,0.05787430797938497,0.6083871440851785
MMP1404,xs,i,-1.1303178731492451,-0.7036643298869154,-0.42665354326232974,3,3,0.05837473154253802,0.6083871440851785
MMP0258,xs,i,-2.103862850508895,-1.5339292475720088,-0.5699336029368864,3,3,0.05865557364032709,0.6083871440851785
MMP0057,xs,i,-0.3654034522348602,-1.60825565370839,1.24285220147353,3,3,0.059016617958379994,0.6083871440851785
MMP0352,xs,i,-1.4530815870277907,0.8558501542655327,-2.3089317412933235,3,3,0.06038397387178647,0.6083871440851785
MMP0618,xs,i,2.271477458322974,1.025139882814847,1.2463375755081272,3,2,0.06359253566381393,0.6083871440851785
MMP0073,xs,i,0.25667941882369916,-0.27766248877499444,0.5343419075986936,3,3,0.06513040345943127,0.6083871440851785
MMP0879,xs,i,0.7493618504831675,-0.3707848660970409,1.1201467165802084,3,3,0.06551765513493056,0.6083871440851785
MMP0340,xs,i,-0.17997239924491093,1.0533753828591716,-1.2333477821040826,3,3,0.0661051074835248,0.6083871440851785
MMP1298,xs,i,0.19453150518773435,-0.6605742823417446,0.855105787529479,3,3,0.06736163716838652,0.6083871440851785
MMP0317,xs,i,-0.49264564081730566,-0.0592203605911355,-0.43342528022617016,3,3,0.06919081034396027,0.6083871440851785
MMP1013,xs,i,0.6555617545253902,0.26208594577455624,0.393475808750834,3,3,0.06935486464437109,0.6083871440851785
MMP1424,xs,i,1.515881944543114,0.9894766330785396,0.5264053114645744,3,3,0.071333051422413,0.6083871440851785
MMP0542,xs,i,1.830834760031393,2.879049507015348,-1.0482147469839551,3,2,0.07157859693261469,0.6083871440851785
MMP1670,xs,i,-1.371773059622873,-0.05599768575319184,-1.3157753738696811,3,3,0.07166138010431689,0.6083871440851785
MMP1190,xs,i,-0.9443919838788218,-0.08356636662779483,-0.860825617251027,3,3,0.07235245545242028,0.6083871440851785
MMP1432,xs,i,0.17037331929176733,-0.8478269499465005,1.018200269238268,3,3,0.07429148476008106,0.6083871440851785
MMP1261,xs,i,-0.15078472208782542,-1.8674581803622816,1.7166734582744563,3,3,0.0751397361724227,0.6083871440851785
MMP0979,xs,i,1.1568259910441112,-0.17732840373286252,1.3341543947769736,3,3,0.07575682113362683,0.6083871440851785
MMP0396,xs,i,-1.0299280296350724,-1.5151046685855512,0.4851766389504788,3,3,0.07590243140545277,0.6083871440851785
MMP1369,xs,i,-0.43498227245481136,-1.103542653632134,0.6685603811773226,3,3,0.07611774675876601,0.6083871440851785
MMP0344,xs,i,-0.1839632795005999,0.3573566570023277,-0.5413199365029276,3,3,0.07716435986611797,0.6083871440851785
MMP1152,xs,i,0.27022674689623766,-1.5042309303623664,1.774457677258604,3,2,0.07796831932948053,0.6083871440851785
MMP0388,xs,i,-0.8506299458622625,-0.12451861608942912,-0.7261113297728333,3,3,0.07837579857819073,0.6083871440851785
MMP0135,xs,i,-0.021759498711292208,-0.5072881523949125,0.4855286536836203,3,3,0.07858859128889091,0.6083871440851785
MMP1011,xs,i,-0.3876158497104973,-1.5341248455772754,1.146508995866778,3,3,0.07864327766748166,0.6083871440851785
MMP0253,xs,i,0.4238350313355101,-0.5106029406646954,0.9344379720002054,3,3,0.07904647380488847,0.6083871440851785
MMP0043,xs,i,-1.070809341797099,0.7076055578173065,-1.7784148996144054,2,2,0.0795413027092908,0.6083871440851785
MMP0157,xs,i,0.7216719079467484,-1.428305414556705,2.149977322503453,2,2,0.08084466627291344,0.6083871440851785
MMP1326,xs,i,0.46521424701905056,-0.339137345820781,0.8043515928398315,3,3,0.0834158050417883,0.6083871440851785
MMP1044,xs,i,-0.906961173950222,-0.534124846039346,-0.37283632791087606,3,3,0.08487470659483724,0.6083871440851785
MMP0079,xs,i,1.301610537206485,-1.0058040134552295,2.3074145506617145,2,3,0.08489342187776193,0.6083871440851785
MMP1274,xs,i,-1.6497359801230325,-3.4504375867736736,1.8007016066506412,3,3,0.08635305998127529,0.6083871440851785
MMP1271,xs,i,-0.012438888844205742,-1.5341248470289484,1.5216859581847426,3,3,0.08854507693470497,0.6083871440851785
MMP1212,xs,i,0.38139028817025444,-0.4692342921830937,0.8506245803533481,3,3,0.0886693225142307,0.6083871440851785
MMP0148,xs,i,-0.7488005162703016,-1.8949308867502357,1.1461303704799342,3,3,0.0889443843789693,0.6083871440851785
MMP0947,xs,i,-0.5151545234659557,-1.6724706791541142,1.1573161556881586,3,3,0.0906231747983514,0.6083871440851785
MMP0059,xs,i,0.993535080313725,-0.3195061163298145,1.3130411966435394,3,3,0.09096633027548812,0.6083871440851785
MMP1370,xs,i,-0.3730588849007373,-0.8628291929057164,0.48977030800497906,3,3,0.09225897507982919,0.6083871440851785
MMP0625,xs,i,-2.227057620221253,-1.0254352414717254,-1.2016223787495275,3,3,0.09342726161454948,0.6083871440851785
MMP1218,xs,i,0.7679067502211221,0.47930506094740605,0.28860168927371604,3,3,0.09393487393509282,0.6083871440851785
MMP0385,xs,i,0.18254861065058292,-1.0058040124874477,1.1883526231380306,3,3,0.09457071843872412,0.6083871440851785
MMP1366,xs,i,-1.0223546705720339,-1.5403300724172395,0.5179754018452056,3,3,0.09471895656415952,0.6083871440851785
MMP1210,xs,i,1.698694152840608,-0.8674581788568997,2.566152331697508,3,3,0.09636981102752076,0.6111553838580747
MMP0901,xs,i,0.461189968732375,-1.59833987325542,2.059529841987795,3,3,0.10098813700328621,0.6273136985350358
MMP1299,xs,i,-0.18439867878015267,-0.7506257638207613,0.5662270850406086,3,3,0.10202822673104743,0.6273136985350358
MMP0457,xs,i,-1.4907191571871155,-2.640342499003572,1.1496233418164568,3,3,0.10276117341931348,0.6273136985350358
MMP1052,xs,i,0.07523924637661279,0.7076055578173065,-0.6323663114406937,3,2,0.10392622151378837,0.6273136985350358
MMP0312,xs,i,0.4282038096271577,-0.514493616618589,0.9426974262457466,3,3,0.10935712905060062,0.6293890708847318
MMP0042,xs,i,-0.006464919538190586,0.9124918212785703,-0.9189567408167609,3,3,0.11187185493554731,0.6293890708847318
MMP0593,xs,i,1.090154704761864,0.43483868546217375,0.6553160192996903,2,3,0.11509618320712277,0.6293890708847318
MMP1042,xs,i,-0.998065132868021,-0.6103329717088247,-0.3877321611591963,3,3,0.11561537489274383,0.6293890708847318
MMP0082,xs,i,0.417396649937738,-0.7911852825420659,1.208581932479804,3,3,0.11615938827999962,0.6293890708847318
MMP0984,xs,i,0.1158737414370757,-1.500946288017305,1.6168200294543806,3,3,0.11647813077730448,0.6293890708847318
MMP0447,xs,i,-1.9247607536454912,-1.0058040124874477,-0.9189567411580435,3,3,0.11688686801923705,0.6293890708847318
MMP1358,xs,i,1.4009992206851656,0.5225168208699175,0.8784823998152481,3,3,0.11756851268462104,0.6293890708847318
MMP1437,xs,i,-2.227057620006889,-1.2182806517247629,-1.008776968282126,3,3,0.11865568122377305,0.6293890708847318
MMP0654,xs,i,-0.5626176404945641,-1.0482600935610817,0.48564245306651765,3,3,0.11934535199015446,0.6293890708847318
MMP1427,xs,i,-1.4841180542427745,-0.27492232051463544,-1.2091957337281392,3,3,0.12000566519289774,0.6293890708847318
MMP1412,xs,i,-0.9679273487724823,-0.6306270517121794,-0.33730029706030296,3,3,0.12054326217551747,0.6293890708847318
MMP0126,xs,i,1.0481936585644263,0.013827216608963577,1.0343664419554628,3,3,0.12177248151601767,0.6293890708847318
MMP1555,xs,i,0.28226506355638864,1.3155120885977858,-1.0332470250413972,3,3,0.12678265474438563,0.6293890708847318
MMP1251,xs,i,-0.10495021471710597,0.5879825583412728,-0.6929327730583787,3,3,0.1278345127754059,0.6293890708847318
MMP0576,xs,i,0.17037331928625787,-0.328132326169211,0.4985056454554689,3,3,0.12858609412136746,0.6293890708847318
MMP0946,xs,i,0.10358461407654641,-0.8418529801839995,0.9454375942605459,3,3,0.13026689896036292,0.6293890708847318
MMP1384,xs,i,-0.9247607535662743,0.2076055578173065,-1.132366311383581,3,2,0.13046084459321367,0.6293890708847318
MMP0822,xs,i,0.16650046217850542,1.0357174768645498,-0.8692170146860444,3,3,0.1306104493569926,0.6293890708847318
MMP0163,xs,i,-1.1898991894685882,-0.8956741221417742,-0.29422506732681397,3,3,0.1313510220120314,0.6293890708847318
MMP0975,xs,i,-1.7864149197868653,-0.9132926872304962,-0.8731222325563691,3,3,0.13256279548936203,0.6293890708847318
MMP0933,xs,i,-1.6518347616839097,-0.5416982049099215,-1.1101365567739883,2,3,0.13265031087968046,0.6293890708847318
MMP1138,xs,i,-0.25915690734886027,0.3841709877048514,-0.6433278950537117,2,3,0.1331641547181269,0.6293890708847318
MMP0831,xs,i,-0.14481075324554246,-1.2318279818261086,1.0870172285805662,3,3,0.1345131434830126,0.6298232232241991
MMP1200,xs,i,-0.055255010464968,-0.6158290120066767,0.5605740015417087,3,3,0.13633867111229073,0.632459946548682
MMP1045,xs,i,-1.317741966835265,-0.8520062998869348,-0.46573566694833024,3,3,0.13843848002073933,0.6330324939810943
MMP0289,xs,i,0.4085725793942605,-1.0058040138879372,1.4143765932821977,3,3,0.13972359133883963,0.6330324939810943
MMP0985,xs,i,0.4744842131357318,-0.7613525654494516,1.2358367785851834,3,3,0.14310882781658524,0.6330324939810943
MMP0952,xs,i,-1.0643572984784748,-1.42282460043086,0.3584673019523852,3,3,0.14337793409949137,0.6330324939810943
MMP0166,xs,i,-1.070809341797099,0.2076055578173065,-1.2784148996144054,2,2,0.1438771575056254,0.6330324939810943
MMP0136,xs,i,-0.1682738625141864,-1.4132681535098737,1.2449942909956873,3,3,0.14534365607137448,0.6330324939810943
MMP1532,xs,i,0.8181788097673897,-1.2318279798905447,2.0500067896579344,3,3,0.14723534274989747,0.6330324939810943
MMP1222,xs,i,-0.5472773217209093,-0.10428930694848908,-0.44298801477242017,3,3,0.14785119191348442,0.6330324939810943
MMP0137,xs,i,0.5901547051064193,-1.0058040134552295,1.5959587185616488,2,3,0.14874623334575296,0.6330324939810943
MMP1434,xs,i,-0.7433205815123509,-1.6082556528625076,0.8649350713501567,3,3,0.1513806325027859,0.6330324939810943
MMP0285,xs,i,-1.2270576200068886,1.2039815276368344,-2.431039147643723,3,3,0.15148336936592707,0.6330324939810943
MMP1716,xs,i,-0.2755832277225949,0.3459567993212067,-0.6215400270438016,3,3,0.1532130319194084,0.6330324939810943
MMP0249,xs,i,-1.0320701188122694,-0.5144936164518871,-0.5175765023603823,3,3,0.15565817303689733,0.6330324939810943
MMP0585,xs,i,1.0900372860603347,0.6417297830991998,0.44830750296113486,3,3,0.1561226220190583,0.6330324939810943
MMP1662,xs,i,0.1318809135547574,-1.4283054160083777,1.560186329563135,3,2,0.15734441842832184,0.6330324939810943
MMP1686,xs,i,-0.2014524195300437,0.2882503193491503,-0.489702738879194,3,2,0.15930417012790277,0.6330324939810943
MMP0553,xs,i,0.6776908869307374,-0.6158290120066766,1.2935198989374141,3,3,0.1631119700494969,0.6330324939810943
MMP0887,xs,i,-0.55163815733664,-1.0042309303623664,0.4525927730257264,2,2,0.16410095409238518,0.6330324939810943
MMP1527,xs,i,-0.1530801842636733,-0.5651613146918183,0.412081130428145,3,3,0.16444659365482556,0.6330324939810943
MMP0658,xs,i,0.9624770228584335,0.2561119768888793,0.7063650459695542,3,3,0.165751901619408,0.6330324939810943
MMP0830,xs,i,-0.89372428542574,0.8459889284370536,-1.7397132138627938,3,2,0.1669421249791961,0.6330324939810943
MMP1429,xs,i,-0.20145241971907094,-1.339137345820781,1.13768492610171,3,3,0.16961065575814796,0.6330324939810943
MMP0133,xs,i,-0.5399017414751256,-0.9952343933189552,0.45533265184382965,3,3,0.16983828576019627,0.6330324939810943
MMP0989,xs,i,-2.3441194079241616,-1.4922812189162338,-0.8518381890079278,2,3,0.17270620266361464,0.6330324939810943
MMP0713,xs,i,-2.5555122242641497,-0.7797800448475837,-1.7757321794165661,2,3,0.17287919083754957,0.6330324939810943
MMP1589,xs,i,0.7850002521088099,-0.33913734635119824,1.1241375984600082,3,3,0.17325764865126225,0.6330324939810943
MMP1652,xs,i,1.7408430926511396,-1.0058040124874477,2.746647105138587,2,3,0.17397836537071423,0.6330324939810943
MMP1323,xs,i,-0.6420951175472661,0.34232736055336277,-0.9844224781006289,3,3,0.1744910844230187,0.6330324939810943
MMP1318,xs,i,-0.24060494727604556,-1.500946287357931,1.2603413400818853,3,3,0.17551280809761968,0.6330324939810943
MMP1352,xs,i,-1.910820696444248,-4.082052421940812,2.171231725496564,3,2,0.17673701310167614,0.6330324939810943
MMP0868,xs,i,0.22167190756390942,-2.0058040131593065,2.227475920723216,2,3,0.1773410417705029,0.6330324939810943
MMP1266,xs,i,-1.1507847228799306,-1.8674581798246817,0.716673456944751,3,3,0.17812942923721972,0.6330324939810943
MMP1359,xs,i,1.446363845429548,0.4348386857483886,1.0115251596811594,2,3,0.17815884561144568,0.6330324939810943
MMP1371,xs,i,-2.0901991353751685,-1.2609822607972399,-0.8292168745779287,3,3,0.18056392776607627,0.6370600550056634
MMP0894,xs,i,0.24440049596635724,-0.22230492986581815,0.4667054258321754,3,3,0.18451787589284338,0.6464577330231785
MMP1401,xs,i,0.9233460849354733,-0.14414984586886734,1.0674959308043406,3,3,0.1890622824677326,0.6536572666076372
MMP0309,xs,i,-0.9247607542326542,0.3199559618435306,-1.244716716076185,3,3,0.193491382618868,0.6536572666076372
MMP1546,xs,i,-1.2472869280552557,-0.7776379542098463,-0.4696489738454094,3,3,0.19558899790749218,0.6536572666076372
MMP0978,xs,i,0.7985475802478298,0.38417098756061563,0.41437659268721416,3,3,0.19940596939496352,0.6536572666076372
MMP0866,xs,i,-1.1908827992708084,-2.437820499207031,1.2469376999362227,3,3,0.20399543584440316,0.6536572666076372
MMP0308,xs,i,1.1406464895154644,1.653289295401427,-0.5126428058859627,2,3,0.2061938931459662,0.6536572666076372
MMP1150,xs,i,-2.6987367798770467,-0.7565172679640905,-1.9422195119129562,3,3,0.20852097680499795,0.6536572666076372
MMP1615,xs,i,1.2256089898881952,1.873212820861414,-0.6476038309732188,2,2,0.21232211777962928,0.6536572666076372
MMP1047,xs,i,-0.8416845512673685,-0.32942189784827797,-0.5122626534190906,3,3,0.21236239741557872,0.6536572666076372
MMP0686,xs,i,1.0184801583012442,0.40303216413458903,0.6154479941666551,3,3,0.21341214824713192,0.6536572666076372
MMP1513,xs,i,3.1092676001896113,4.928213106166863,-1.818945505977252,3,2,0.21467653920359187,0.6536572666076372
MMP1419,xs,i,-1.1605001700481667,-1.3166125749247957,0.15611240487662892,3,3,0.21510217853107158,0.6536572666076372
MMP1466,xs,i,2.0718917668111505,0.6566570860031544,1.415234680807996,2,2,0.21581754188585645,0.6536572666076372
MMP1217,xs,i,0.5725236117616941,-0.036840481244205435,0.6093640930058996,3,3,0.21600231151090032,0.6536572666076372
MMP1609,xs,i,-0.42227637578008165,0.11651288805670679,-0.5387892638367884,3,3,0.21691242255055496,0.6536572666076372
MMP1248,xs,i,-0.7399693598420325,-0.12727448791065074,-0.6126948719313817,3,3,0.2170728411771724,0.6536572666076372
MMP0572,xs,i,-0.8735790006372257,-0.5601256828247233,-0.3134533178125024,3,3,0.21843866660111613,0.6536572666076372
MMP0623,xs,i,0.4233706188775117,0.971983589792643,-0.5486129709151313,3,3,0.21936121621413043,0.6536572666076372
MMP1681,xs,i,-1.6480690863211194,0.20760555781730644,-1.8556746441384258,3,2,0.21960394395222999,0.6536572666076372
MMP1135,xs,i,-0.040638550216832214,1.580731570411236,-1.6213701206280682,2,2,0.220016078348611,0.6536572666076372
MMP0965,xs,i,-0.3322248944416396,0.2905188828706337,-0.6227437773122733,3,3,0.22033340762423032,0.6536572666076372
MMP0291,xs,i,2.370362299262967,1.3161240822483153,1.0542382170146516,2,3,0.22078402064475117,0.6536572666076372
MMP1488,xs,i,1.2391902783194204,0.1015053522586528,1.1376849260607675,3,3,0.22140576734938283,0.6536572666076372
MMP0219,xs,i,-0.9988915611226769,-0.40335237212417363,-0.5955391889985032,3,3,0.22220028920712975,0.6536572666076372
MMP0060,xs,i,-1.56796431212902,-0.8984946475249935,-0.6694696646040266,3,3,0.22310102583581246,0.6536572666076372
MMP1588,xs,i,-0.38426462741095674,-0.6994440108214816,0.3151793834105248,3,3,0.22369803886797981,0.6536572666076372
MMP1647,xs,i,-2.010556700774682,-1.317657326366256,-0.692899374408426,3,3,0.22402165848412878,0.6536572666076372
MMP0095,xs,i,0.30161053701506546,1.1249684617093854,-0.8233579246943199,2,3,0.22594903637539343,0.6536572666076372
MMP0823,xs,i,-0.16349643130014443,0.40412864250802477,-0.5676250738081692,3,3,0.2274414879922361,0.6536572666076372
MMP0603,xs,i,-1.0631065874048191,-0.1811602834647199,-0.8819463039400992,3,3,0.22863633048348947,0.6536572666076372
MMP1565,xs,i,-1.070809341797099,-2.0848756939949444,1.0140663521978455,2,2,0.2292536158297489,0.6536572666076372
MMP1183,xs,i,-1.4443160097775758,0.37062365977383616,-1.814939669551412,2,3,0.22930202052669862,0.6536572666076372
MMP0955,xs,i,-2.43953425868063,-1.5341248464913484,-0.9054094121892815,3,3,0.2296281016426031,0.6536572666076372
MMP1714,xs,i,0.6776908868561776,1.4753720461475668,-0.7976811592913892,3,2,0.235808569736908,0.6649025149788276
MMP1041,xs,i,-0.8740930559596661,-0.15769717413329035,-0.7163958818263758,3,3,0.2362328296731164,0.6649025149788276
MMP0629,xs,i,-0.04875034675230385,-0.6616635189884881,0.6129131722361842,3,3,0.24087105847603738,0.6738210985885594
MMP0923,xs,i,0.5932893384933919,1.1669710898184842,-0.5736817513250922,3,3,0.24211814927453068,0.6738210985885594
MMP1131,xs,i,0.12534936892085907,-1.9283054160083775,2.0536547849292366,2,2,0.2444065055064725,0.6738210985885594
MMP1301,xs,i,0.3600469718036344,-0.2568967620675547,0.6169437338711891,3,3,0.24478131725173216,0.6738210985885594
MMP1039,xs,i,-1.1671258701510616,-0.6921851734441066,-0.47494069670695505,3,3,0.24819004235650904,0.6794710995661805
MMP1415,xs,i,-1.5229877841565587,-1.2157873316062449,-0.3072004525503138,3,3,0.2506872502318672,0.680067159173752
MMP1510,xs,i,-0.9678550921949359,-0.5748767624222869,-0.392978329772649,3,3,0.2524274160723267,0.680067159173752
MMP0596,xs,i,-0.34577222191311224,-0.8870894089836415,0.5413171870705293,3,3,0.25297811881415205,0.680067159173752
MMP0568,xs,i,1.1406464898983035,0.050837654516595755,1.0898088353817077,2,3,0.2557112924902349,0.680067159173752
MMP0325,xs,i,0.8998829759798747,0.5731845187871789,0.32669845719269575,3,3,0.2579588802467016,0.680067159173752
MMP0825,xs,i,0.7266502794839633,1.0903858197812333,-0.36373554029726995,3,3,0.2585830882823605,0.680067159173752
MMP0260,xs,i,-1.1341044948618793,-0.8612529546038322,-0.27285154025804703,3,3,0.2586706651273973,0.680067159173752
MMP1175,xs,i,-1.8683144639497669,-0.9491623453400102,-0.9191521186097567,2,3,0.2592671205632468,0.680067159173752
MMP1360,xs,i,-0.3964399205160259,-0.0058040124874476256,-0.3906359080285783,3,3,0.26256451426292227,0.6818925396136146
MMP0697,xs,i,-0.6420951175472661,0.2301357367971292,-0.8722308543443953,3,3,0.2626851499908735,0.6818925396136146
MMP0696,xs,i,-0.15078472180387772,-0.9181258773157565,0.7673411555118788,3,3,0.26567229506387136,0.6824460772843185
MMP0940,xs,i,-0.3593535113233318,-0.9283054145567047,0.5689519032333729,2,2,0.2658636373747967,0.6824460772843185
MMP1249,xs,i,-0.9300746022270507,-0.3674336451605211,-0.5626409570665296,3,3,0.2672705574856691,0.6824460772843185
MMP0489,xs,i,0.6035600799503316,1.788250319808081,-1.1846902398577495,3,2,0.2683470603293628,0.6824460772843185
MMP0927,xs,i,0.33680520138832504,1.7560363276907711,-1.4192311263024462,2,2,0.2713822803846096,0.6866794064277243
MMP0397,xs,i,0.4468337287623003,-0.14629193589930997,0.5931256646616103,3,3,0.2740021988244765,0.6869216696227994
MMP1584,xs,i,-0.6224638874485229,0.49148035278269425,-1.1139442402312172,3,3,0.2742202273943311,0.6869216696227994
MMP0087,xs,i,0.6367386376182265,1.6041035655632345,-0.9673649279450081,3,3,0.27612739201489506,0.688257827858022
MMP0045,xs,i,0.47403831691096343,1.4583017950683186,-0.9842634781573552,3,3,0.28108465004727357,0.6925508263180985
MMP1297,xs,i,1.1193893451714512,0.15885893449474497,0.9605304106767062,3,3,0.28128420929427644,0.6925508263180985
MMP1363,xs,i,-0.4119369398407641,-0.7512460881642175,0.3393091483234533,3,3,0.2826525402336525,0.6925508263180985
MMP0214,xs,i,-0.4841180555803188,0.1015053520422989,-0.5856234076226177,3,3,0.2840828664881158,0.6925508263180985
MMP1038,xs,i,-1.698736784946863,-1.2204227418039006,-0.47831404314296244,3,3,0.2847614176078409,0.6925508263180985
MMP1174,xs,i,2.0447391958343846,2.7618057508901424,-0.7170665550557578,3,3,0.2889545667571111,0.6993538064990951
MMP0006,xs,i,-0.5455929129819538,-0.9775077131459623,0.4319148001640085,3,3,0.29232984423890135,0.6994624358308305
MMP1094,xs,i,-0.08080837262868734,0.23340569007482778,-0.31421406270351515,3,3,0.2930467522611656,0.6994624358308305
MMP0640,xs,i,-1.119748253894365,-1.3294218988553015,0.20967364496093643,3,3,0.29392904353583754,0.6994624358308305
MMP1414,xs,i,-0.663215805205935,-1.0368404809405354,0.37362467573460034,3,3,0.2945839799606891,0.6994624358308305
MMP1275,xs,i,-0.06310658690775461,-1.0058040124874477,0.942697425579693,3,3,0.29884690495131555,0.7062372612292881
MMP0297,xs,i,-0.7532363631496007,-1.241543429797015,0.4883070666474142,3,3,0.3017941353986975,0.7068291123888467
MMP0234,xs,i,0.7602530341854008,1.1249684619351032,-0.36471542774970245,3,3,0.30275826242043435,0.7068291123888467
MMP1707,xs,i,0.10841780390967957,-0.2426351403579193,0.35105294426759887,3,3,0.3033298586099841,0.7068291123888467
MMP1166,xs,i,-1.1518347616839097,-0.14414984579674925,-1.0076849158871606,2,3,0.30518583440426533,0.7078615881321154
MMP0145,xs,i,-1.6987367849018138,-0.5042309303623664,-1.1945058545394474,3,2,0.3097795816499112,0.7152053935788273
MMP0704,xs,i,0.8049171877507583,1.6114456679040234,-0.8065284801532652,3,3,0.3122618872856937,0.7152526022834353
MMP1211,xs,i,-0.14188199575897087,-0.5279307354651781,0.38604873970620723,3,3,0.3130044340424703,0.7152526022834353
MMP1442,xs,i,-0.25915690776126715,-0.9283054145567047,0.6691485067954375,2,2,0.3140829790466183,0.7152526022834353
MMP0383,xs,i,0.6501055155693978,0.8605708843603996,-0.21046536879100186,3,3,0.319289349451831,0.7174046257577129
MMP1325,xs,i,-1.7086525668067267,-1.3626004546340227,-0.34605211217270404,3,3,0.32035172245044075,0.7174046257577129
MMP0641,xs,i,-1.274774314083223,-0.8578547722264673,-0.4169195418567557,3,3,0.32073496090235154,0.7174046257577129
MMP1216,xs,i,0.4516669188819904,-0.3701738146200349,0.8218407335020252,3,3,0.3210149787166253,0.7174046257577129
MMP1208,xs,i,-0.17694274071872332,-0.5155799460230214,0.3386372053042981,3,3,0.3226177420209153,0.7174046257577129
MMP1043,xs,i,-1.5817119717553059,-1.1266607049613275,-0.45505126679397834,3,3,0.3236196515394074,0.7174046257577129
MMP0034,xs,i,2.0091292862071297,0.44921436771069273,1.559914918496437,2,2,0.3327675101229747,0.7344340201392525
MMP1545,xs,i,-1.6890213370546299,-1.2552910907361285,-0.4337302463185013,3,3,0.3343373766629202,0.7346623934566799
MMP1310,xs,i,0.06306395402304195,-0.47748317889093145,0.5405471329139734,3,3,0.336356469495893,0.7358715773687441
MMP0020,xs,i,0.8492152781035941,0.3841709879190156,0.4650442901845785,3,3,0.3393987954295755,0.7392991152618146
MMP1321,xs,i,-1.1197482536678856,-1.3216482059943235,0.20189995232643798,3,3,0.34191175443576205,0.7403087298773835
MMP0251,xs,i,0.43351765782866525,0.03943532380947517,0.3940823340191901,3,3,0.34430933647957157,0.7403087298773835
MMP1101,xs,i,-0.2384628567755378,-1.0848756918174352,0.8464128350418973,3,2,0.3468570868400577,0.7403087298773835
MMP0346,xs,i,-0.029583977059117233,0.4730304358589317,-0.5026144129180489,3,3,0.3478061123930409,0.7403087298773835
MMP0003,xs,i,-0.06310658614310743,-0.6357481329567034,0.5726415468135959,3,2,0.3500746428600771,0.7403087298773835
MMP0392,xs,i,-0.8683144648111547,0.2964928531478817,-1.1648073179590364,2,3,0.3502789757407271,0.7403087298773835
MMP0688,xs,i,0.6776908871720275,-0.3701738139512747,1.0478647011233022,3,3,0.35044475321392154,0.7403087298773835
MMP1213,xs,i,-0.22245568607326197,-0.626025118001964,0.4035694319287021,3,3,0.3516835882451443,0.7403087298773835
MMP0212,xs,i,-0.5218985459130223,-0.9627096728514356,0.4408111269384133,3,3,0.3571018726212354,0.7448051063756457
MMP1559,xs,i,-0.17224705550764782,0.32297993060445757,-0.49522698611210536,3,3,0.3571209736699108,0.7448051063756457
MMP0369,xs,i,-1.2224556848629922,-1.7183051887308736,0.4958495038678814,3,3,0.3582795022685242,0.7448051063756457
MMP1314,xs,i,0.9578966792406649,0.10150535225733891,0.856391326983326,3,3,0.3614950765487397,0.7466657564848855
MMP0677,xs,i,-1.2580940869788249,-0.42830541455670473,-0.8297886724221202,3,2,0.3621552471573397,0.7466657564848855
MMP0420,xs,i,0.9815585098309867,0.5089694927949816,0.4725890170360051,2,3,0.3744766454883512,0.7587487047502524
MMP1640,xs,i,-1.2088748797622364,-0.8835432360167856,-0.32533164374545076,3,3,0.37553074412603993,0.7587487047502524
MMP1368,xs,i,-1.0834162525819424,-1.1985764082699273,0.11516015568798488,3,3,0.37567188895710685,0.7587487047502524
MMP0387,xs,i,-0.15183476168390989,0.5716945854432952,-0.7235293471272051,2,2,0.3762494875686391,0.7587487047502524
MMP1643,xs,i,-0.3789507795903136,-0.16741262237766577,-0.21153815721264782,3,3,0.37642807410040924,0.7587487047502524
MMP1254,xs,i,-0.6879296263805704,-0.42419273324349716,-0.26373689313707327,3,3,0.37729019547362697,0.7587487047502524
MMP1302,xs,i,0.3667289524011133,-0.3021269085558962,0.6688558609570094,3,3,0.37861711813884846,0.7587487047502524
MMP1168,xs,i,-0.04875034621345187,-0.3167659474432141,0.26801560122976226,3,3,0.38189652302165594,0.7622715459515921
MMP0178,xs,i,-0.5172966136063343,0.34716055079476904,-0.8644571644011033,3,3,0.3860878580669321,0.7675794321092578
MMP0627,xs,i,-1.1628425931611137,-1.3587685758868282,0.1959259827257145,3,3,0.3909116568362917,0.7723907221610326
MMP1245,xs,i,0.23676539036386557,0.7681720189803762,-0.5314066286165107,3,3,0.39272467444427805,0.7723907221610326
MMP0925,xs,i,-0.3397982522615826,0.8140065270583182,-1.1538047793199009,3,3,0.39403209830977104,0.7723907221610326
MMP1506,xs,i,-2.444316010865849,-1.6724706781863323,-0.7718453326795165,2,3,0.39538840366891265,0.7723907221610326
MMP0695,xs,i,0.3323220460556516,0.07874122327589046,0.25358082277976113,3,3,0.39621639839398276,0.7723907221610326
MMP0765,xs,i,2.174975252479974,0.6828907961115194,1.4920844563684548,3,2,0.39992611402829037,0.7734242316590799
MMP0025,xs,i,-0.9579393105616001,-1.6392921216871965,0.6813528111255964,3,3,0.40033077419533947,0.7734242316590799
MMP0971,xs,i,-0.33222489387745036,-0.06490552367075349,-0.2673193702066969,3,3,0.4013778447731752,0.7734242316590799
MMP0429,xs,i,-0.729773253920814,-0.005804012703801338,-0.7239692412170127,3,3,0.40526697267929007,0.7747577073203916
MMP0716,xs,i,-0.8681190873865604,-1.339137345820781,0.4710182584342205,3,3,0.40783594632485254,0.7747577073203916
MMP1558,xs,i,-0.4139781294328733,-0.15445828323773647,-0.25951984619513685,3,3,0.40928080618450224,0.7747577073203916
MMP1692,xs,i,0.07523924568812879,-1.4283054160083777,1.5035446616965065,3,2,0.409359484432694,0.7747577073203916
MMP1547,xs,i,-1.5504751691129837,-1.0414424137185068,-0.5090327553944769,3,3,0.4098019809179716,0.7747577073203916
MMP1137,xs,i,1.3481652397216146,0.07046888415095631,1.2776963555706584,2,3,0.4119996776678399,0.7759843553067209
MMP0667,xs,i,-0.9051295247132408,-1.1236829975382145,0.21855347282497373,3,3,0.4145840084734987,0.7779272967985874
MMP1021,xs,i,-0.570809341797099,-1.6724706791541142,1.1016613373570152,2,3,0.4210016182065908,0.7780962968266277
MMP0051,xs,i,-0.7297732530773567,-1.3255900185545364,0.5958167654771797,3,3,0.42140450930864737,0.7780962968266277
MMP1189,xs,i,-1.527212394217134,-2.132744609666604,0.60553221544947,3,3,0.4217666509660941,0.7780962968266277
MMP1286,xs,i,0.3540730020067104,-0.04764763984498561,0.401720641851696,3,3,0.42299585346846413,0.7780962968266277
MMP1680,xs,i,0.603560079634646,1.3732128206450602,-0.7696527410104143,3,2,0.4240006776073606,0.7780962968266277
MMP1072,xs,i,0.25184270046328744,-0.8674581796632997,1.1193008801265871,2,3,0.4245596868796125,0.7780962968266277
MMP1417,xs,i,-1.273783505227078,-1.0058040128100416,-0.26797949241703645,3,3,0.42554567930238724,0.7780962968266277
MMP1436,xs,i,-0.5706102511070856,-0.424520018921843,-0.14609023218524264,3,3,0.42979329422104057,0.7818969717353128
MMP1611,xs,i,-0.11974825417945818,0.5656111602215267,-0.6853594144009849,3,3,0.4307456371236454,0.7818969717353128
MMP1444,xs,i,-1.2580940869788249,-0.5848756925432717,-0.6732183944355532,3,2,0.4339222212411895,0.7830261311008644
MMP1265,xs,i,-0.1245814443528704,-0.5341248466321286,0.4095434022792582,3,3,0.4349938018246315,0.7830261311008644
MMP1433,xs,i,-1.4869720597479568,-1.2501252336150106,-0.23684682613294616,3,3,0.4366212732005885,0.7830261311008644
MMP1169,xs,i,0.1053584144198571,-0.04689816039310903,0.15225657481296614,3,3,0.4376193946272296,0.7830261311008644
MMP1586,xs,i,-0.18182119043889353,0.5225168207000898,-0.7043380111389833,3,3,0.4404610097876226,0.7845738106680948
MMP1400,xs,i,0.6035600798210451,-0.0058040129201552175,0.6093640927412003,3,3,0.4428978751264841,0.7845738106680948
MMP1361,xs,i,-0.5090631327447555,-0.4101527689440497,-0.09891036380070578,3,3,0.4431824120141135,0.7845738106680948
MMP0882,xs,i,-1.0631065876269459,-1.8773569443555227,0.8142503567285768,3,2,0.4458518430675371,0.7865203287916764
MMP1410,xs,i,-2.453081583884805,-1.8539108515513119,-0.5991707323334932,3,3,0.44794235307681574,0.7870153513904571
MMP1411,xs,i,-1.401041851449117,-1.109089101062204,-0.29195275038691304,3,3,0.44927423253028087,0.7870153513904571
MMP1679,xs,i,0.6035600800074442,-0.7923944436343665,1.3959545236418107,3,2,0.4509930668974477,0.7872736115526875
MMP0916,xs,i,-0.7433205808918183,-1.210506961142799,0.4671863802509807,3,3,0.45398838223031807,0.7897506232548241
MMP0920,xs,i,0.37539402164017804,0.549889694720089,-0.17449567307991093,3,3,0.4582671010009242,0.7944353550223634
MMP1503,xs,i,-1.7728675927875253,-2.665194979418848,0.8923273866313226,3,2,0.46447822488622015,0.8000351978237876
MMP0066,xs,i,-0.17162508343973717,-0.017979304249754986,-0.15364577918998218,3,3,0.4651135944064108,0.8000351978237876
MMP0156,xs,i,-1.0894236995466438,-1.2689974188339328,0.17957371928728905,3,3,0.4672666992006803,0.8000351978237876
MMP0816,xs,i,-0.15078472180387772,0.4348386858083398,-0.5856234076122175,3,3,0.470185902168253,0.8000351978237876
MMP1472,xs,i,1.798547579968231,1.2370524023440908,0.5614951776241401,3,2,0.47077078721070414,0.8000351978237876
MMP1659,xs,i,-0.07080934279666865,-0.5848756925432717,0.514066349746603,2,2,0.4710786094970406,0.8000351978237876
MMP0836,xs,i,1.1641680929931184,1.6532892951469862,-0.4891212021538678,3,3,0.4763865028444096,0.8025993487568304
MMP0327,xs,i,-0.29993771445195255,0.2594824154675173,-0.5594201299194699,3,3,0.4801434351703114,0.8025993487568304
MMP0076,xs,i,-0.9824581804311353,-0.7395809479493014,-0.2428772324818339,3,3,0.4816449865737043,0.8025993487568304
MMP0982,xs,i,-0.0941430554612707,-1.2207866641914464,1.1266436087301757,3,2,0.4834542475123328,0.8025993487568304
MMP0167,xs,i,0.26156167704787303,0.6373995446459904,-0.3758378675981173,3,3,0.4843711611841391,0.8025993487568304
MMP1373,xs,i,0.16396395148093787,0.501234660180355,-0.3372707086994171,3,3,0.48514299322156546,0.8025993487568304
MMP1260,xs,i,-1.6110586496123604,-2.1589478868719287,0.5478892372595683,3,3,0.4861358916633137,0.8025993487568304
MMP0224,xs,i,0.5617164524125738,0.7076055578173065,-0.14588910540473266,3,2,0.486461520560704,0.8025993487568304
MMP0432,xs,i,-0.012438888519510305,0.3641758353711657,-0.376614723890676,3,2,0.48707679306437335,0.8025993487568304
MMP1579,xs,i,-2.1914192149311877,-1.6724706801218963,-0.5189485348092915,3,3,0.4886498104889781,0.8025993487568304
MMP0651,xs,i,0.4652142466659641,0.050837654659989885,0.4143765920059742,3,3,0.4935562268472359,0.8025993487568304
MMP0893,xs,i,1.1785243338478202,0.4212913576640414,0.7572329761837788,3,3,0.4937906876373574,0.8025993487568304
MMP1418,xs,i,-1.5360364647006577,-1.3628317117337438,-0.17320475296691384,3,3,0.4946241888038727,0.8025993487568304
MMP1046,xs,i,-0.975428450695793,-0.7096401172775293,-0.2657883334182637,3,3,0.4950163648021169,0.8025993487568304
MMP1406,xs,i,-0.4617466566476034,-0.23182798064328683,-0.22991867600431656,3,3,0.49692237722040977,0.8030906806045977
MMP0290,xs,i,-0.7339978637380761,-0.9998300427608209,0.2658321790227448,3,3,0.49928184222628486,0.8043093342616358
MMP0872,xs,i,-0.9247607525520642,-1.584792542675492,0.6600317901234278,3,3,0.5016510751796381,0.8055180712824414
MMP0817,xs,i,0.780398319119846,1.4733310915465054,-0.6929327724266594,3,3,0.5050751720437215,0.8055180712824414
MMP1372,xs,i,0.4740383178010223,1.296492852503626,-0.8224545347026035,3,3,0.5063408606986423,0.8055180712824414
MMP1593,xs,i,-0.35935350943925853,-1.2207866663689557,0.8614331569296971,2,2,0.5064634579919541,0.8055180712824414
MMP0331,xs,i,-0.988975780387867,-1.7967121807229445,0.8077364003350774,3,2,0.508523144454424,0.8062344790242609
MMP0669,xs,i,-1.3727455531591175,-0.9551363154067003,-0.4176092377524172,3,3,0.5135752115804222,0.8116756498479228
MMP0044,xs,i,0.33444177240637724,0.025232455992494702,0.30920931641388255,3,3,0.5156097792278536,0.8123286144438825
MMP1509,xs,i,-0.1704159519944749,-0.37017381375771835,0.19975786176324345,3,3,0.5217090925487435,0.8193613020906599
MMP0597,xs,i,0.14070498369369863,-0.2083648721310497,0.34906985582474837,3,3,0.525105025485883,0.82023396766667
MMP0083,xs,i,0.603560080236948,-0.056471710446700074,0.660031790683648,3,3,0.5255391289840341,0.82023396766667
MMP0274,xs,i,-0.2014524196781281,0.18918348775293783,-0.3906359074310659,3,3,0.5271784163231722,0.8202372253972338
MMP0141,xs,i,-0.22783630767087876,-1.0058040124874477,0.777967704816569,2,3,0.5316570180944883,0.8235550709651723
MMP1712,xs,i,0.6453703106178508,0.4065423864527374,0.2388279241651134,3,3,0.5325984890074168,0.8235550709651723
MMP0061,xs,i,0.640646489986483,-0.4774831789137289,1.1181296689002118,2,3,0.5383214859988426,0.8241856792352986
MMP0259,xs,i,-1.2844924949646395,-1.0495521901617835,-0.234940304802856,3,3,0.5389648531658994,0.8241856792352986
MMP1176,xs,i,-1.1001170245884921,-0.7601488140221354,-0.33996821056635673,3,3,0.5399575190281111,0.8241856792352986
MMP1018,xs,i,0.9946243178598563,0.734993461589282,0.25963085627057425,3,3,0.5424616349923554,0.8241856792352986
MMP1515,xs,i,-0.9937889528005259,-1.0649739104975986,0.07118495769707267,3,3,0.5436034456472071,0.8241856792352986
MMP1105,xs,i,-0.8681190861305116,-0.4774831789137289,-0.3906359072167827,3,3,0.5444303139629424,0.8241856792352986
MMP0180,xs,i,0.5158819446814101,-0.1441498455803956,0.6600317902618057,3,3,0.5457371689622936,0.8241856792352986
MMP1421,xs,i,-1.1332955825935729,-1.382231684775582,0.24893610218200912,3,3,0.5475251023290467,0.8241856792352986
MMP0183,xs,i,0.5528923819574779,0.3841709872380215,0.1687213947194564,3,3,0.54925184669962,0.8241856792352986
MMP1070,xs,i,0.0071923411307449475,0.6298261862279253,-0.6226338450971803,3,3,0.549457119490199,0.8241856792352986
MMP1551,xs,i,-0.6518347605655146,0.3641758358038734,-1.016010596369388,2,2,0.5557974775852487,0.8284660501351888
MMP0281,xs,i,2.384992049161245,1.9029353738950825,0.48205667526616236,3,3,0.5571193283951872,0.8284660501351888
MMP1616,xs,i,-0.5914274207390154,-0.2673019999388034,-0.32412542080021206,3,3,0.5572715746418336,0.8284660501351888
MMP0645,xs,i,0.8726783873036733,0.5089694924312822,0.3637088948723911,3,3,0.5591839973456779,0.8288496528703688
MMP1392,xs,i,1.7634868346832828,1.1385157902067211,0.6249710444765617,3,3,0.5610061801085767,0.8290976290100205
MMP0824,xs,i,0.7985475801903575,1.345956799414438,-0.5474092192240804,3,3,0.564877681396456,0.8323638775871308
MMP1186,xs,i,0.4883945580803542,0.004229795117514257,0.48416476296283995,3,2,0.5679678274622262,0.8344629957729481
MMP1147,xs,i,-2.0516381574554656,-1.6724706801218963,-0.37916747733356937,2,3,0.5714171103199279,0.8346069448175246
MMP0353,xs,i,-1.1518347616839097,-0.6724706791541143,-0.47936408252979545,2,3,0.5740456116934511,0.8346069448175246
MMP1206,xs,i,-0.5412235779929679,-0.6521001745354932,0.11087659654252524,3,3,0.5771287582907183,0.8346069448175246
MMP0633,xs,i,0.061379545503403486,0.25639477517256654,-0.19501522966916304,3,3,0.5788924419133856,0.8346069448175246
MMP0132,xs,i,0.13188091348374817,0.3841709877769695,-0.25229007429322137,3,3,0.5789579116510931,0.8346069448175246
MMP1178,xs,i,0.7396104510547395,0.3199559617652631,0.41965448928947646,3,3,0.5804299964476346,0.8346069448175246
MMP1721,xs,i,1.3133210858101416,1.8459889285077107,-0.5326678426975691,3,2,0.5807971037561491,0.8346069448175246
MMP0164,xs,i,-0.46771672216301585,-0.2696084717445881,-0.19810825041842778,3,3,0.5818835400287072,0.8346069448175246
MMP1349,xs,i,0.5257977259163239,0.8754813837374879,-0.34968365782116395,3,3,0.5839250880202145,0.8346069448175246
MMP1252,xs,i,0.09487047565504692,-0.22042274292503805,0.31529321858008497,3,3,0.5861541490918374,0.8346069448175246
MMP0263,xs,i,-0.21460020195782042,-1.0058040120035565,0.7912038100457361,2,3,0.5863905081352668,0.8346069448175246
MMP1317,xs,i,0.14064649017790243,-0.5042309303623664,0.6448774205402689,2,2,0.5915005416487624,0.8367729744671526
MMP0064,xs,i,1.0110242203617248,1.495769069313103,-0.48474484895137815,3,2,0.5957468707070404,0.8367729744671526
MMP1549,xs,i,0.6093258900273563,0.050837654371518104,0.5584882356558382,2,3,0.5957563984484582,0.8367729744671526
MMP1289,xs,i,-1.0962851431868519,-0.941588986506649,-0.15469615668020287,3,3,0.5960945675050262,0.8367729744671526
MMP0540,xs,i,-0.08882920699751702,-0.26746638248642474,0.17863717548890773,3,3,0.5965333801713537,0.8367729744671526
MMP1550,xs,i,0.7935119489686628,0.4164581678879065,0.3770537810807563,3,3,0.5990427632950908,0.8367729744671526
MMP0608,xs,i,0.645562707775582,1.0893300603435787,-0.4437673525679967,3,3,0.599603788091233,0.8367729744671526
MMP1033,xs,i,1.7440480027704968,2.2143956945463987,-0.47034769177590197,3,2,0.6047133288044666,0.841559382586216
MMP1129,xs,i,-1.5603909533230045,-2.1131133777724957,0.5527224244494913,3,3,0.610260164454935,0.8458359148424689
MMP0818,xs,i,2.751842700191219,3.7477922665903813,-0.9959495663991622,2,2,0.6111628765927619,0.8458359148424689
MMP1496,xs,i,-0.4443160114852903,-0.6724706791541143,0.22815466766882397,2,3,0.618363896972751,0.8534443867309868
MMP0715,xs,i,-0.15183476056551468,-0.5848756925432717,0.43304093197775695,2,2,0.6237482307634086,0.8585106143199662
MMP1465,xs,i,0.07523924606092719,-0.339137345820781,0.41437659188170817,3,3,0.625988957823891,0.8591680925952722
MMP1032,xs,i,0.19274471817612157,0.35099242999878255,-0.15824771182266098,3,3,0.627655732315109,0.8591680925952722
MMP0372,xs,i,0.45747766700383746,0.6090750899700459,-0.15159742296620843,3,3,0.630787804669429,0.8611026979274765
MMP1544,xs,i,-1.0618224787493535,-0.8418529804850873,-0.21996949826426626,3,3,0.634773171680809,0.8641884755763188
MMP0414,xs,i,-0.886782402737718,-1.1085114451453644,0.22172904240764635,3,3,0.6528565324944697,0.8836263157405955
MMP0250,xs,i,-0.13329558185456739,0.14245760155484402,-0.2757531834094114,3,3,0.6535418490909592,0.8836263157405955
MMP1116,xs,i,-0.05039487699427451,0.058457973631396515,-0.10885285062567102,3,3,0.6543420421951316,0.8836263157405955
MMP0875,xs,i,-4.316735894258111,-4.6292589219388,0.3125230276806894,2,3,0.6575081834185192,0.8837657998074762
MMP1036,xs,i,0.9628942510775236,1.214986546200891,-0.2520922951233675,3,3,0.6579733399764244,0.8837657998074762
MMP0116,xs,i,1.8277018601821646,1.3997779399970594,0.4279239201851053,3,3,0.6606856637712648,0.8850361431802237
MMP0108,xs,i,0.7108694448207791,0.3199559620125247,0.3909134828082544,3,3,0.6647437900940245,0.8880977035656167
MMP1562,xs,i,-0.7122841127020131,-0.20591299342763875,-0.5063711192743743,3,2,0.6780954989085282,0.8961081591796487
MMP1462,xs,i,1.2391902785006044,0.9492143671822683,0.2899759113183361,3,2,0.6814006645999804,0.8961081591796487
MMP0937,xs,i,-0.2783280910536819,-0.9283054145567047,0.6499773235030228,2,2,0.682203026586979,0.8961081591796487
MMP0386,xs,i,0.27030425460731927,0.353604376649359,-0.08330012204203974,3,3,0.6852424881837955,0.8961081591796487
MMP1324,xs,i,-1.863399732489887,-1.649007570517418,-0.2143921619724689,3,3,0.6873622281493865,0.8961081591796487
MMP1500,xs,i,0.20797057603661495,0.29649285217939236,-0.08852227614277741,3,3,0.6874417269763833,0.8961081591796487
MMP1502,xs,i,-1.3147357544368325,-1.200791512459033,-0.11394424197779962,3,3,0.6897509752398702,0.8961081591796487
MMP1115,xs,i,1.2898579762135307,1.02513988298793,0.2647180932256008,3,2,0.6910885191456426,0.8961081591796487
MMP1177,xs,i,-0.9557972221567738,-0.8032431540070318,-0.15255406814974193,3,3,0.6915744986712298,0.8961081591796487
MMP0427,xs,i,0.5913847878846447,0.4353193439305381,0.15606544395410654,3,3,0.6926329494446442,0.8961081591796487
MMP0187,xs,i,-0.5212384248456795,-0.7776379549774267,0.2563995301317472,3,3,0.693441659286465,0.8961081591796487
MMP1320,xs,i,-0.258094087095136,-0.42407531240027324,0.16598122530513726,3,3,0.6938624891270453,0.8961081591796487
MMP0736,xs,i,0.0442027782183268,-0.08965026858822461,0.1338530468065514,3,3,0.6962862200336308,0.8961081591796487
MMP1507,xs,i,-1.1197482538373669,-0.9316732049605344,-0.18807504887683246,3,3,0.6968828366372855,0.8961081591796487
MMP1492,xs,i,-1.0631065862279874,-1.3957790124306184,0.33267242620263104,3,3,0.6975692257087086,0.8961081591796487
MMP0821,xs,i,1.2060117206635452,1.4718491231440514,-0.26583740248050614,3,3,0.7008656648777256,0.8980285569383301
MMP0591,xs,i,-0.5516381568962679,-0.08750817875555204,-0.4641299781407159,2,3,0.7026490904587334,0.8980285569383301
MMP0050,xs,i,-0.7728675924307798,-0.6764124914662122,-0.09645510096456766,3,3,0.7061404463366928,0.9001943094521199
MMP0179,xs,i,0.2824020385870856,0.13348015914118505,0.14892187944590057,3,3,0.7081345466470068,0.9004451976399757
MMP1409,xs,i,0.011024220890457218,-0.23182798109747796,0.24285220198793517,3,3,0.7176243821598118,0.9068217547310904
MMP0584,xs,i,-0.3430320539905793,-0.005804013057772413,-0.3372280409328069,3,3,0.7179766026114505,0.9068217547310904
MMP0961,xs,i,3.3029833242775783,3.5642721055146063,-0.2612887812370279,3,3,0.7197977524417076,0.9068217547310904
MMP0093,xs,i,0.4652142469211901,0.18918348775293778,0.27603075916825237,3,3,0.7203893380897685,0.9068217547310904
MMP0282,xs,i,-0.15183476112471225,-0.7923944421826936,0.6405596810579813,2,2,0.7239341325404098,0.9086810719677235
MMP0058,xs,i,0.254233102128296,0.3112508329487336,-0.05701773082043765,3,3,0.7302762158693684,0.9086810719677235
MMP0092,xs,i,0.13188091343049121,0.013827217197075256,0.11805369623341595,3,3,0.7319756141139004,0.9086810719677235
MMP0278,xs,i,-0.32230911278660557,-0.07001903847210077,-0.2522900743145048,3,3,0.7322246528911158,0.9086810719677235
MMP1658,xs,i,-1.0987449875399766,-1.0160001188753849,-0.08274486866459174,3,3,0.7326127747564165,0.9086810719677235
MMP0279,xs,i,0.34816523860321946,-0.08487569254327165,0.4330409311464911,2,2,0.735328475819863,0.9086810719677235
MMP1053,xs,i,-0.18900167329513595,-0.39577901250586195,0.206777339210726,3,3,0.7355729709610708,0.9086810719677235
MMP0966,xs,i,-0.6420951175772989,-0.3391373458207809,-0.30295777175651795,3,3,0.7370381597223579,0.9086810719677235
MMP1136,xs,i,0.14691020999592336,0.3349852582800918,-0.18807504828416843,3,3,0.7381900125566138,0.9086810719677235
MMP0326,xs,i,-0.793988279608297,-0.5983398714928013,-0.19564840811549566,3,3,0.7400767589898791,0.9087707261125721
MMP0422,xs,i,0.14064649017790243,0.49148035294142084,-0.3508338627635184,2,3,0.7420872530901697,0.9090115251789119
MMP1524,xs,i,0.40857257958568005,0.6298261856160177,-0.2212536060303376,3,3,0.7443545770189285,0.9095649831377639
MMP0052,xs,i,1.3064015655993733,0.940177068168976,0.3662244974303973,3,3,0.7479777272431408,0.9117684704350695
MMP1319,xs,i,-0.7359784787326342,-0.6144608792996042,-0.12151759943302998,3,3,0.7544950045132277,0.9161515784895667
MMP0968,xs,i,0.832868118560281,1.3732128206450602,-0.5403447020847792,2,2,0.756631758963551,0.9161515784895667
MMP1493,xs,i,0.20140978719676372,-0.005804012487447534,0.20721379968421125,3,3,0.7570593882129354,0.9161515784895667
MMP1666,xs,i,-1.3127988085683935,-1.0624456794197943,-0.2503531291485992,2,3,0.7668113412700284,0.925716824039239
MMP0013,xs,i,0.6542277777126295,0.3781970189888589,0.27603075872377064,3,3,0.78160003084081,0.9413019602193409
MMP0917,xs,i,0.5747515526225766,0.3841709882322566,0.19058056439032,2,3,0.7875226307122924,0.9438235888912125
MMP1470,xs,i,-0.32230911284334735,-0.14504122344383732,-0.17726788939951002,3,3,0.7960722729969574,0.9438235888912125
MMP1445,xs,i,-1.183963279757293,-1.5042309303623664,0.32026765060507345,3,2,0.7967844032486051,0.9438235888912125
MMP1365,xs,i,-1.5037492846614284,-1.3898050432415918,-0.11394424141983661,3,3,0.7968602868237948,0.9438235888912125
MMP1362,xs,i,-0.7813323282913857,-0.656463507536737,-0.12486882075464867,3,3,0.7977641205667847,0.9438235888912125
MMP0235,xs,i,1.3016105371742255,1.15673311682169,0.14487742035253537,2,2,0.8006349014929265,0.9438235888912125
MMP0407,xs,i,0.7108694446711423,0.508969492764637,0.20189995190650534,3,3,0.8038157714931924,0.9438235888912125
MMP0620,xs,i,0.4036903211971641,0.5506597481590643,-0.14696942696190018,3,3,0.8057766426865579,0.9438235888912125
MMP0125,xs,i,0.9308020231314295,0.6608626538700736,0.26993936926135587,3,3,0.8060085847211333,0.9438235888912125
MMP1443,xs,i,-0.89067411081144,-1.428305414556705,0.5376313037452649,2,2,0.8103366769390296,0.9438235888912125
MMP1381,xs,i,0.4085725790214621,0.5791584879452368,-0.17058590892377473,3,3,0.811593732354102,0.9438235888912125
MMP0708,xs,i,-0.8681190861305116,-0.7797800439002146,-0.08833904223029698,3,3,0.8132887108618696,0.9438235888912125
MMP1567,xs,i,-0.41865231728240326,-0.3497953666205435,-0.06885695066185976,3,3,0.813421967082735,0.9438235888912125
MMP1347,xs,i,-0.03278203306695163,-0.07612964596218603,0.04334761289523441,3,3,0.8173843161421981,0.9438235888912125
MMP1391,xs,i,0.19137268186209408,0.14037127159379667,0.05100141026829741,3,3,0.8201431557688179,0.9438235888912125
MMP0154,xs,i,1.4009992211260573,1.2322778264873318,0.1687213946387256,3,3,0.8219523205467357,0.9438235888912125
MMP1354,xs,i,-0.15183476139678054,-0.5848756925432717,0.4330409311464911,2,2,0.8222045801911517,0.9438235888912125
MMP0341,xs,i,0.024571548245910457,0.3199559615662997,-0.2953844133203892,3,3,0.8244754116251418,0.9438235888912125
MMP1420,xs,i,-1.0962851444322335,-1.200791512727833,0.10450636829559956,3,3,0.8253922111754388,0.9438235888912125
MMP0578,xs,i,0.32089444479539886,-0.004230930686897061,0.3251253754822959,3,2,0.8257098251734785,0.9438235888912125
MMP0443,xs,i,-0.6332710480293817,-0.5522741074784886,-0.08099694055089313,3,3,0.82611380104042,0.9438235888912125
MMP1637,xs,i,-0.1757297997840117,-0.13072622103397183,-0.04500357875003988,3,3,0.8276189512046105,0.9438235888912125
MMP1270,xs,i,2.0023591507062948,2.1397665016560357,-0.13740735094974088,3,3,0.8288680702786781,0.9438235888912125
MMP0103,xs,i,-1.1382931544628037,-1.0740099187793744,-0.06428323568342931,3,3,0.8303895685165215,0.9438235888912125
MMP1015,xs,i,0.09870235585076141,0.050837654012865115,0.0478647018378963,3,3,0.8314276693806351,0.9438235888912125
MMP0559,xs,i,0.882874493995906,1.0508376546228362,-0.16796316062693017,3,3,0.8326747031734849,0.9438235888912125
MMP0391,xs,i,-1.331984625461932,-1.4574357678202574,0.12545114235832533,3,3,0.836098327965429,0.9444787179967001
MMP0298,xs,i,-1.2406049462037843,-1.1441498448635956,-0.09645510134018864,3,3,0.8370230554701295,0.9444787179967001
MMP0500,xs,i,0.07523924568812879,-0.14414984558039554,0.21938909126852432,3,3,0.8429275528146382,0.9490038291238959
MMP0539,xs,i,-0.6480690869183193,-0.7231383771133668,0.07506929019504749,3,3,0.8485478616834844,0.9518117082053604
MMP1634,xs,i,2.9799877521220153,3.097260022737371,-0.11727227061535572,3,3,0.8492212246862199,0.9518117082053604
MMP1563,xs,i,-0.23463097746370112,-0.31567423610494566,0.08104325864124454,3,3,0.8522211746118644,0.9530419832155002
MMP1668,xs,i,-0.786414920179745,-0.6664967094274875,-0.1199182107522575,3,3,0.8600948220520652,0.9548302642822882
MMP1148,xs,i,0.12590694418221507,0.28294552398516126,-0.1570385798029462,3,3,0.8616484427755293,0.9548302642822882
MMP0577,xs,i,-1.6345217609993714,-1.52057751742053,-0.11394424357884136,3,3,0.8638577368344629,0.9548302642822882
MMP1026,xs,i,0.26687552506861667,0.23501799585615726,0.03185752921245941,3,3,0.8647374602011539,0.9548302642822882
MMP1031,xs,i,-0.5889675764573277,-0.5341248469521733,-0.05484272950515434,3,3,0.870887329412914,0.9548302642822882
MMP1122,xs,i,-1.1704159513731442,-1.2514592098260497,0.0810432584529055,3,3,0.8758317685364048,0.9548302642822882
MMP1543,xs,i,-1.3767364341197332,-1.4278620500296677,0.051125615909934474,3,3,0.8774528289576338,0.9548302642822882
MMP1560,xs,i,-1.063106586881349,-1.0058040128100416,-0.057302574071307344,3,3,0.8776546712736886,0.9548302642822882
MMP1566,xs,i,-0.9247607528998946,-0.843995070107999,-0.08076568279189555,3,3,0.8777275925828247,0.9548302642822882
MMP1016,xs,i,1.0957284576625164,1.183010124917514,-0.08728166725499764,3,3,0.8804946841399628,0.9548302642822882
MMP1403,xs,i,-1.4629973689120368,-1.487398959934966,0.02440159102292916,3,3,0.8815868345952784,0.9548302642822882
MMP1556,xs,i,0.45440708805416136,0.5548040009139341,-0.10039691285977276,3,3,0.8825030434654342,0.9548302642822882
MMP1157,xs,i,0.7108694450460615,0.9151243072752693,-0.20425486222920775,3,2,0.8827367991723651,0.9548302642822882
MMP0373,xs,i,1.140646489422265,1.290397240966028,-0.14975075154376305,2,2,0.8845192983616914,0.9548302642822882
MMP1205,xs,i,-1.2580940876452045,-1.0848756939949447,-0.17321839365025982,3,2,0.8849955285110567,0.9548302642822882
MMP0694,xs,i,-0.21225957903350215,-0.3195061159427016,0.10724653690919947,3,3,0.8857213102239238,0.9548302642822882
MMP1364,xs,i,-0.8398227873570594,-0.7377774159005134,-0.10204537145654602,3,3,0.8901664292719706,0.9548302642822882
MMP1181,xs,i,0.2566794187509875,0.3706236598275412,-0.11394424107655371,3,3,0.8915861374531385,0.9548302642822882
MMP1375,xs,i,-0.679105555376451,-0.8108165132148443,0.13171095783839326,3,3,0.8922707922615063,0.9548302642822882
MMP1191,xs,i,-0.9380277565698395,-0.9986441034524391,0.06061634688259965,3,3,0.8937186564042168,0.9548302642822882
MMP0153,xs,i,2.3593491455185607,2.241619586724311,0.11772955879424973,2,2,0.8952992936441013,0.9548302642822882
MMP1564,xs,i,-0.5037492847064776,-0.6158290120066768,0.11207972730019922,3,3,0.8957489505243024,0.9548302642822882
MMP0227,xs,i,0.047751859941749464,0.10676112440510825,-0.05900926446335879,3,3,0.9049156184375736,0.9603762480571341
MMP0897,xs,i,1.7168434142150126,1.7741459885920545,-0.05730257437704189,3,3,0.9050941311052132,0.9603762480571341
MMP1242,xs,i,-0.7297732524042831,-0.5848756925432717,-0.1448975598610115,3,2,0.9067025256108271,0.9603762480571341
MMP1133,xs,i,-0.31279880856839337,-0.5042309303623664,0.19143212179397306,2,2,0.9107057500310873,0.9616934239201377
MMP1505,xs,i,-1.5902011588086546,-1.5462659809566877,-0.04393517785196699,3,3,0.9126472739000542,0.9616934239201377
MMP1146,xs,i,-1.5037492827073382,-1.3957790119467275,-0.10797027076061072,3,3,0.9141113271290897,0.9616934239201377
MMP0245,xs,i,0.34435755364711057,0.4348386851933737,-0.09048113154626314,3,3,0.9156242778640832,0.9616934239201377
MMP0127,xs,i,-0.15400523070930125,-0.1768528540572231,0.02284762334792184,3,3,0.9214718935173962,0.9629304606795482
MMP1017,xs,i,-0.6556424464710974,-0.723138377834546,0.06749593136344867,3,3,0.92566920786474,0.9629304606795482
MMP0098,xs,i,0.6602017472289239,0.7175043210381848,-0.05730257380926096,3,3,0.9265518554047626,0.9629304606795482
MMP1408,xs,i,-0.5914274204727309,-0.6158290122486222,0.024401591775891296,3,3,0.9276870135999744,0.9629304606795482
MMP1416,xs,i,-1.1197482548558788,-1.0820769085667168,-0.03767134628916202,3,3,0.9319778537150343,0.9629304606795482
MMP1188,xs,i,-1.0232460486429649,-0.9896830058617733,-0.0335630427811916,3,3,0.9321215507708179,0.9629304606795482
MMP0908,xs,i,1.2801425279330247,1.2458251548680068,0.03431737306501792,3,3,0.9321401715835071,0.9629304606795482
MMP1207,xs,i,-1.6372619290067594,-1.6724706792923687,0.035208750285609325,3,3,0.9338035928442319,0.9629304606795482
MMP0550,xs,i,-1.0708093413149617,-1.200791512727833,0.12998217141287127,2,3,0.9341002073657892,0.9629304606795482
MMP0261,xs,i,0.4516669188439115,0.5225168209420353,-0.07084990209812381,3,3,0.9367736673016238,0.9637035057866807
MMP1288,xs,i,0.3443575538425195,0.44017738190385547,-0.09581982806133599,3,2,0.9434864436203665,0.968620303798778
MMP1050,xs,i,-0.2838167077601101,-0.25903256923800483,-0.02478413852210526,3,3,0.9485129846617479,0.9717893769233859
MMP1520,xs,i,1.7256089898881952,1.6917817009467393,0.033827288941455924,2,3,0.9568845597028377,0.9778403378327657
MMP1697,xs,i,-2.9197251233405215,-2.9656470023827053,0.04592187904218381,3,2,0.9583225666185389,0.9778403378327657
MMP0884,xs,i,-0.27558322661578744,-0.2318279808583268,-0.04375524575746065,3,3,0.9667315310876864,0.9844156444612416
MMP1315,xs,i,-0.11974825417945818,-0.14414984558039556,0.02440159140093738,3,3,0.9777997845684652,0.9927375283555344
MMP0041,xs,i,0.12321584346700899,0.13516456877426203,-0.011948725307253036,3,3,0.9788669441270139,0.9927375283555344
MMP0657,xs,i,-0.6655582273450905,-0.6724706791541143,0.0069124518090237785,3,3,0.9824130948783587,0.9931170188196634
MMP1113,xs,i,-0.604974748776692,-0.5847925436898004,-0.020182205086891614,3,3,0.9832056713264532,0.9931170188196634
MMP0687,xs,i,1.050176747646097,1.0596617247210995,-0.00948497707500251,3,3,0.9871043590478625,0.9950488609315475
MMP0650,xs,i,0.26620246871669695,0.2618277454431115,0.004374723273585457,3,3,0.9944625051805116,0.9984991595003695
MMP1054,xs,i,-0.5246387149011448,-0.5228370288133505,-0.0018016860877942964,3,3,0.9945131349115457,0.9984991595003695
MMP0257,xs,i,-0.06908055594934297,-0.07001903886379168,0.0009384829144487156,3,3,0.9968759728131671,0.9988697247587934
MMP1153,xs,i,-0.28335196302300475,-0.2824956786733434,-0.0008562843496613404,2,3,0.9989760215490417,0.9989760215490417
MMP0151,xs,i,-0.15183476168390989,-0.008950176737609979,-0.1428845849462999,2,1,,
MMP0155,xs,i,1.3289940545487153,-0.5758387076277771,1.9048327621764924,1,1,,
MMP0168,xs,i,0.4652142469211901,-1.1608012083489334,1.6260154552701236,3,1,,
MMP0181,xs,i,0.640646489422265,1.4742674419923136,-0.8336209525700486,2,1,,
MMP0203,xs,i,0.14064648905950722,-1.00895017673761,1.149596665797117,2,1,,
MMP0262,xs,i,-0.4706127395677939,-0.8476606523757996,0.37704791280800565,1,1,,
MMP0271,xs,i,0.32899405397445664,0.15233934762420043,0.1766547063502562,1,1,,
MMP0295,xs,i,1.475130028111277,1.4742674419923136,0.0008625861189632822,3,1,,
MMP0311,xs,i,0.32899405397445664,0.15233934762420043,0.1766547063502562,1,1,,
MMP0319,xs,i,0.32899405397445664,-1.1608012083489334,1.48979526232339,1,1,,
MMP0330,xs,i,-0.6518347616839099,0.42416129237222294,-1.0759960540561329,2,1,,
MMP0335,xs,i,0.7823739230549627,0.8641758354793427,-0.08180191242438006,1,2,,
MMP0349,xs,i,0.32899405397445664,-0.8476606523757996,1.1766547063502562,1,1,,
MMP0351,xs,i,1.6700933341041928,0.8391987916510667,0.8308945424531261,2,1,,
MMP0357,xs,i,-0.8370826186611415,-2.1608012083489334,1.3237185896877919,3,1,,
MMP0405,xs,i,-0.6710059460255433,-1.1608012083489334,0.4897952623233901,1,1,,
MMP0410,xs,i,1.4331277401656821,-0.008950176737609979,1.442077916903292,2,1,,
MMP0411,xs,i,0.6406464896187049,-0.16080120834893333,0.8014476979676382,2,1,,
MMP0431,xs,i,1.140646489422265,1.3129779181497525,-0.17233142872748752,2,1,,
MMP0433,xs,i,-0.6710059460255433,0.2076055578173065,-0.8786115038428498,1,2,,
MMP0439,xs,i,0.6406464896187049,0.42416129237222294,0.2164851972464819,2,1,,
MMP0440,xs,i,1.68926451888716,-0.6724706789391083,2.361735197826268,1,3,,
MMP0487,xs,i,-1.151834758827678,-3.4326231530969555,2.2807883942692775,2,1,,
MMP0516,xs,i,-0.0631065872541474,0.15233934762420043,-0.21544593487834784,3,1,,
MMP0567,xs,i,-1.4530815886311865,-0.8476606523757996,-0.605420936255387,3,1,,
MMP0569,xs,i,1.3481652394420158,0.8391987916510667,0.5089664477909491,2,1,,
MMP0580,xs,i,-1.2559684478952167,0.8391987916510667,-2.0951672395462833,1,1,,
MMP0601,xs,i,1.6509221493212258,-0.6358241641961265,2.2867463135173525,1,2,,
MMP0605,xs,i,0.9139565554612908,-0.2923944421826935,1.2063509976439843,1,2,,
MMP0607,xs,i,0.4331277401656821,1.4241612929098226,-0.9910335527441405,2,1,,
MMP0636,xs,i,1.6509221493212258,1.399446530572305,0.2514756187489209,1,2,,
MMP0656,xs,i,1.6555201610127772,1.9596942693109123,-0.30417410829813507,2,1,,
MMP0666,xs,i,0.3481652388752877,-1.8476606523757997,2.1958258912510873,2,1,,
MMP0668,xs,i,0.9139565554612908,-0.9283054145567047,1.8422619700179954,1,2,,
MMP0684,xs,i,-0.28913055464829346,-0.8476606523757996,0.5585300977275061,3,1,,
MMP0737,xs,i,0.14064648942226504,1.161126886538429,-1.020480397116164,2,1,,
MMP0738,xs,i,0.34816523972161467,-0.8476606523757996,1.1958258920974143,2,1,,
MMP0808,xs,i,2.537261426088294,2.1523393469751393,0.3849220791131547,1,1,,
MMP0819,xs,i,1.68926451888716,0.8391987916510667,0.8500657272360933,1,1,,
MMP0829,xs,i,-0.9221701937916644,-1.9699343539208798,1.0477641601292154,1,3,,
MMP0874,xs,i,2.537261426088294,2.389307923476937,0.14795350261135676,1,2,,
MMP0902,xs,i,0.848165239162417,-0.008950176737609979,0.857115415900027,2,1,,
MMP0919,xs,i,-0.15183476168390989,0.42416129237222294,-0.5759960540561329,2,1,,
MMP0929,xs,i,0.32899405397445664,0.03729032644050282,0.2917037275339538,1,3,,
MMP0959,xs,i,0.8826359550075906,1.6465537141694708,-0.7639177591618802,2,1,,
MMP1008,xs,i,0.2702267464255787,-1.1608012083489334,1.4310279547745122,3,1,,
MMP1014,xs,i,0.6406464897093943,-0.8476606523757996,1.4883071420851939,2,1,,
MMP1029,xs,i,-0.15183476112471225,-1.00895017673761,0.8571154156128976,2,1,,
MMP1056,xs,i,-0.4706127395677939,-1.00895017673761,0.538337437169816,1,1,,
MMP1064,xs,i,-0.15183476056551465,-0.5758387076277771,0.42400394706226247,2,1,,
MMP1069,xs,i,0.9139565554612908,0.3841709877048514,0.5297855677564394,1,3,,
MMP1075,xs,i,-0.08604344530438725,-1.5042309303623664,1.4181874850579792,1,2,,
MMP1090,xs,i,-1.1197482535130785,-1.00895017673761,-0.1107980767754686,3,1,,
MMP1091,xs,i,0.9935350805051445,0.7373018474799414,0.25623323302520307,3,1,,
MMP1114,xs,i,-0.6710059460255433,-0.08487569254327165,-0.5861302534822717,1,2,,
MMP1126,xs,i,0.9139565554612908,-0.008950176737609979,0.9229067321989008,1,1,,
MMP1134,xs,i,0.14064648923586578,0.6465537137086708,-0.505907224472805,2,1,,
MMP1151,xs,i,-1.6326635773422764,-2.598339872149383,0.9656762948071067,1,3,,
MMP1154,xs,i,3.07788104922572,2.646553713939071,0.4313273352866491,2,1,,
MMP1161,xs,i,0.7216719075639094,2.691489541180148,-1.9698176336162385,2,1,,
MMP1167,xs,i,1.9139565546956128,2.442294623579201,-0.5283380688835884,1,3,,
MMP1223,xs,i,2.3673364240557175,3.3129779181497523,-0.9456414940940348,1,1,,
MMP1253,xs,i,-1.2559684478952167,0.42416129237222294,-1.6801297402674396,1,1,,
MMP1303,xs,i,1.229826978727078,1.898944493277629,-0.669117514550551,1,3,,
MMP1316,xs,i,-0.07080934279666865,-0.8476606523757996,0.776851309579131,2,1,,
MMP1337,xs,i,0.3673364237761188,-0.8476606523757996,1.2149970761519184,1,1,,
MMP1382,xs,i,-3.217626073589852,-2.7457637122956897,-0.47186236129416237,1,1,,
MMP1385,xs,i,-2.2176260803002226,-1.5848756939949447,-0.6327503863052779,1,2,,
MMP1396,xs,i,-0.14868464428060385,-0.8476606523757996,0.6989760080951957,1,1,,
MMP1480,xs,i,-0.48411805460410723,-1.00895017673761,0.5248321221335026,3,1,,
MMP1489,xs,i,0.9522989248700734,-0.008950176737609979,0.9612491016076834,1,1,,
MMP1498,xs,i,-0.8593535113233318,-1.1608012083489334,0.3014476970256016,2,1,,
MMP1523,xs,i,0.3673364237761188,0.5760123239835463,-0.2086759002074275,1,1,,
MMP1525,xs,i,0.5091292866544874,1.161126886538429,-0.6519975998839416,2,1,,
MMP1569,xs,i,3.0294337728223284,1.991049822899472,1.0383839499228564,1,1,,
MMP1623,xs,i,1.3289940545487153,-0.008950176737609979,1.3379442312863252,1,1,,
MMP1624,xs,i,2.1843779104527936,1.1523393469751393,1.0320385634776543,2,1,,
MMP1630,xs,i,2.544323950535973,0.061591213909114526,2.4827327366268586,2,1,,
MMP1635,xs,i,1.9331277399742626,2.4742674419923136,-0.5411397020180511,2,1,,
MMP1663,xs,i,1.1406464897093942,-1.00895017673761,2.149596666447004,2,1,,
MMP1690,xs,i,0.9522989248700734,0.20760555781730647,0.7446933670527669,1,2,,
MMP1696,xs,i,-2.0708093417970987,-2.7457637122956897,0.674954370498591,2,1,,
MMP1704,xs,i,1.6509221493212258,0.41512430745672835,1.2357978418644975,1,2,,
MMP1720,xs,i,2.194288390380839,2.312977917569083,-0.11868952718824399,2,1,,
